postal_code,count
820633,10
790414,8
080001,7
820305,7
820314,6
824170,6
082001,5
820665,5
050531,4
310085,4
540272,4
540273,4
750121,4
820271,4
180261,3
180269,3
200803,3
540275,3
570273,3
820288,3
820308,3
820310,3
050335,2
081007,2
180231,2
312085,2
420002,2
540212,2
540277,2
760342,2
760347,2
050004,1
050034,1
050532,1
050533,1
050535,1
050536,1
050538,1
051335,1
051531,1
052335,1
080008,1
080009,1
080011,1
080012,1
080013,1
080016,1
080017,1
080018,1
080019,1
080334,1
081003,1
081004,1
081005,1
081008,1
082002,1
085101,1
085201,1
085301,1
085401,1
085501,1
085601,1
085701,1
090001,1
090005,1
090006,1
090007,1
090008,1
090010,1
090012,1
090013,1
090014,1
090015,1
090016,1
090017,1
090018,1
090020,1
090021,1
090022,1
090023,1
090024,1
090025,1
090026,1
090027,1
090028,1
090030,1
090031,1
090032,1
090033,1
090034,1
090035,1
090037,1
090038,1
090039,1
090040,1
090042,1
090043,1
090101,1
090102,1
090103,1
090104,1
090105,1
090106,1
090107,1
090108,1
090109,1
090110,1
090111,1
090112,1
090113,1
090114,1
090115,1
091014,1
091017,1
100044,1
100045,1
100046,1
100047,1
100048,1
100049,1
100050,1
100051,1
100052,1
100053,1
100054,1
100055,1
100056,1
100057,1
100058,1
100059,1
100060,1
100061,1
100062,1
100063,1
100064,1
100065,1
100066,1
100067,1
100068,1
100069,1
100072,1
100073,1
100074,1
100075,1
100076,1
100077,1
100084,1
100085,1
100086,1
100087,1
100088,1
100110,1
100113,1
100114,1
101070,1
101080,1
101090,1
101091,1
101092,1
101093,1
101103,1
101104,1
101105,1
101106,1
101109,1
101110,1
101111,1
101112,1
102070,1
102080,1
102090,1
102092,1
102093,1
102103,1
102104,1
102106,1
102109,1
102111,1
102112,1
103070,1
103080,1
120101,1
120102,1
120103,1
120104,1
120105,1
120109,1
120110,1
120111,1
120112,1
120113,1
120114,1
120115,1
120116,1
120117,1
120118,1
120201,1
120202,1
120204,1
120205,1
120206,1
120301,1
120302,1
120303,1
120304,1
120305,1
120306,1
120307,1
120308,1
120309,1
120310,1
120315,1
120316,1
120317,1
120318,1
120319,1
120320,1
120324,1
120325,1
120326,1
120327,1
120328,1
120329,1
120330,1
120331,1
120332,1
120333,1
120334,1
120335,1
120336,1
120337,1
120338,1
120339,1
120340,1
120341,1
120342,1
120343,1
120344,1
120345,1
120346,1
120347,1
120348,1
120349,1
120350,1
120351,1
120352,1
120354,1
120355,1
120356,1
120357,1
120358,1
120359,1
120362,1
120363,1
120364,1
120365,1
120366,1
120367,1
120371,1
120372,1
120373,1
120374,1
120375,1
120376,1
120377,1
120379,1
120380,1
120381,1
120416,1
120417,1
120418,1
120420,1
120421,1
120423,1
120424,1
120425,1
120426,1
120427,1
120428,1
120429,1
120430,1
120431,1
120432,1
120433,1
120434,1
120435,1
120441,1
120442,1
120443,1
120446,1
120449,1
120450,1
120454,1
120455,1
120456,1
120457,1
120458,1
120459,1
120460,1
120461,1
120462,1
120505,1
120506,1
120507,1
120508,1
120509,1
120510,1
120511,1
120512,1
120601,1
120602,1
120603,1
120604,1
120605,1
120606,1
120607,1
120608,1
120609,1
120610,1
120611,1
120612,1
120613,1
120701,1
120702,1
120703,1
120704,1
120705,1
120706,1
120707,1
120708,1
120709,1
120710,1
120711,1
120712,1
120713,1
120714,1
120715,1
120717,1
120723,1
120724,1
120728,1
120729,1
120730,1
120731,1
121208,1
121311,1
121312,1
121440,1
121441,1
121445,1
122208,1
122311,1
122312,1
122440,1
122441,1
122445,1
123311,1
123312,1
123440,1
130001,1
130002,1
130003,1
130005,1
130012,1
130013,1
130014,1
130017,1
130018,1
130019,1
130020,1
130021,1
130022,1
130023,1
130026,1
130027,1
131028,1
132028,1
133028,1
134028,1
140019,1
140020,1
140021,1
140022,1
140023,1
140042,1
140046,1
140047,1
140048,1
140049,1
140050,1
140051,1
140052,1
140053,1
140055,1
140056,1
140129,1
140130,1
140131,1
140132,1
140133,1
140143,1
140145,1
140146,1
140147,1
140148,1
140149,1
140152,1
140153,1
140154,1
140157,1
140158,1
140160,1
140161,1
140162,1
140163,1
140164,1
140165,1
140166,1
140167,1
140168,1
140169,1
140170,1
140171,1
140181,1
140182,1
140183,1
140184,1
141023,1
141050,1
141052,1
141053,1
141057,1
141058,1
141060,1
141078,1
141079,1
141080,1
141081,1
141082,1
141083,1
141086,1
141087,1
141089,1
141090,1
141092,1
141094,1
141095,1
141096,1
141150,1
141168,1
142055,1
142056,1
142058,1
142059,1
142061,1
142062,1
142088,1
142089,1
142090,1
142091,1
142093,1
143061,1
143062,1
144061,1
144091,1
150001,1
150002,1
150007,1
150008,1
150009,1
150010,1
150011,1
150012,1
150013,1
150014,1
150035,1
150036,1
150037,1
150038,1
150043,1
150044,1
150045,1
150046,1
150049,1
150050,1
150051,1
150052,1
150053,1
150054,1
150068,1
150069,1
150070,1
150081,1
150082,1
150083,1
150086,1
150087,1
150088,1
150101,1
150102,1
150103,1
150104,1
150105,1
150106,1
150115,1
150116,1
150117,1
150122,1
150124,1
150128,1
150129,1
150130,1
150161,1
150165,1
151028,1
151039,1
151040,1
151047,1
151048,1
151063,1
151073,1
151074,1
151075,1
151076,1
151077,1
151095,1
151096,1
151116,1
151124,1
151125,1
151126,1
152028,1
152063,1
152075,1
152095,1
152096,1
152119,1
152120,1
152124,1
153075,1
153095,1
160001,1
160003,1
160005,1
160007,1
160009,1
160010,1
160020,1
160022,1
160024,1
160026,1
160027,1
160028,1
160030,1
160032,1
160033,1
160034,1
160035,1
160036,1
160037,1
160038,1
160040,1
160041,1
160043,1
160045,1
160046,1
160047,1
160048,1
160049,1
160050,1
160053,1
160077,1
160087,1
160094,1
160095,1
160107,1
160108,1
160109,1
160113,1
160120,1
160121,1
160122,1
160123,1
160125,1
160128,1
160129,1
160130,1
160131,1
160132,1
160133,1
160134,1
160135,1
160136,1
160137,1
160138,1
160139,1
160140,1
160141,1
160142,1
160143,1
160144,1
160145,1
160146,1
160147,1
160148,1
160149,1
160150,1
161002,1
161004,1
161006,1
161008,1
161010,1
161014,1
161017,1
161019,1
161021,1
161023,1
161025,1
161029,1
161034,1
161036,1
161038,1
161042,1
161044,1
161046,1
161048,1
161050,1
161052,1
161053,1
161054,1
161055,1
161056,1
161057,1
161058,1
161078,1
161118,1
161120,1
161121,1
161126,1
161127,1
162002,1
162004,1
162008,1
162009,1
162010,1
162012,1
162018,1
162025,1
162026,1
162118,1
162119,1
162131,1
163006,1
163008,1
163009,1
163016,1
163017,1
163018,1
163019,1
163020,1
163021,1
163023,1
163027,1
163028,1
163118,1
163119,1
163126,1
163127,1
163131,1
164002,1
164004,1
164006,1
164008,1
164010,1
164020,1
164024,1
164025,1
164026,1
164027,1
164118,1
164119,1
164127,1
165004,1
165006,1
165008,1
165022,1
165026,1
166002,1
166022,1
166026,1
167026,1
180008,1
180009,1
180010,1
180232,1
180233,1
180262,1
180263,1
180264,1
180270,1
180271,1
181269,1
182269,1
183269,1
190002,1
190006,1
190012,1
190017,1
190461,1
190462,1
190463,1
190466,1
190467,1
190468,1
200026,1
200028,1
200029,1
200030,1
200632,1
200633,1
200634,1
200635,1
200636,1
200637,1
200639,1
200640,1
200641,1
200642,1
200801,1
200802,1
200804,1
200805,1
200806,1
200807,1
200813,1
200815,1
200816,1
210009,1
210010,1
210037,1
210038,1
210039,1
210040,1
210041,1
210042,1
210043,1
210044,1
210046,1
210048,1
210049,1
210050,1
210051,1
210053,1
210661,1
210662,1
210663,1
210664,1
210668,1
210681,1
210682,1
210683,1
210684,1
210685,1
211048,1
211671,1
211672,1
212671,1
212672,1
260001,1
260004,1
260005,1
260006,1
260008,1
270001,1
270002,1
270003,1
270004,1
270005,1
270006,1
270007,1
270008,1
270013,1
270014,1
270015,1
270018,1
270019,1
270021,1
270026,1
270027,1
270028,1
270029,1
270030,1
270031,1
270032,1
270033,1
270040,1
270041,1
270042,1
270043,1
270046,1
270047,1
271002,1
271003,1
271004,1
271006,1
271008,1
271010,1
271011,1
271013,1
271020,1
271021,1
271022,1
271023,1
271030,1
271031,1
271032,1
272003,1
272005,1
272009,1
272012,1
272018,1
272030,1
273018,1
274018,1
275018,1
300069,1
310001,1
310002,1
310003,1
310004,1
310006,1
310008,1
310009,1
310010,1
310011,1
310012,1
310013,1
310014,1
310017,1
310018,1
310020,1
310023,1
310025,1
310026,1
310027,1
310034,1
310035,1
310036,1
310037,1
310038,1
310043,1
310044,1
310045,1
310046,1
310047,1
310048,1
310049,1
310050,1
310051,1
310052,1
310053,1
310054,1
310055,1
310056,1
310057,1
310058,1
310059,1
310060,1
310061,1
310062,1
310066,1
310069,1
310070,1
310071,1
310072,1
310073,1
310080,1
310081,1
310082,1
310083,1
310084,1
310086,1
310091,1
310092,1
310094,1
310095,1
310096,1
310097,1
310098,1
310099,1
310100,1
310101,1
310107,1
310108,1
310109,1
310110,1
310111,1
310112,1
310113,1
310114,1
310115,1
310116,1
310117,1
310118,1
310119,1
310120,1
310121,1
310122,1
310123,1
310124,1
310125,1
310126,1
310128,1
310142,1
310143,1
310144,1
310145,1
310146,1
310147,1
310152,1
310153,1
310154,1
310155,1
310156,1
310157,1
310158,1
310159,1
310160,1
310161,1
310163,1
310168,1
310169,1
310171,1
310172,1
310173,1
310174,1
310175,1
310177,1
310178,1
310179,1
310183,1
310184,1
310185,1
310186,1
310191,1
310193,1
310194,1
310195,1
310199,1
310200,1
310201,1
310202,1
310203,1
310204,1
310205,1
310206,1
310207,1
310208,1
310209,1
310213,1
310214,1
310215,1
310216,1
310217,1
310218,1
310219,1
310220,1
310221,1
310222,1
310223,1
310224,1
310225,1
310226,1
310227,1
310228,1
310229,1
310230,1
310231,1
310232,1
310233,1
310234,1
310235,1
310236,1
310237,1
310238,1
310239,1
310240,1
310241,1
310242,1
310243,1
310244,1
310245,1
310246,1
310247,1
310248,1
310249,1
310250,1
310251,1
310252,1
310253,1
310254,1
310255,1
310256,1
310257,1
310258,1
310259,1
310261,1
310262,1
310263,1
310264,1
311014,1
311079,1
311080,1
311081,1
311082,1
311084,1
311085,1
311099,1
311101,1
311130,1
311131,1
311138,1
311139,1
311141,1
311153,1
311172,1
312010,1
312014,1
312079,1
312080,1
312081,1
312082,1
312084,1
312099,1
312130,1
312131,1
312138,1
312139,1
313079,1
313085,1
313138,1
314079,1
315079,1
320027,1
320028,1
320029,1
320030,1
320032,1
320033,1
320034,1
320035,1
320038,1
320039,1
320040,1
320041,1
320042,1
320043,1
320044,1
320046,1
320047,1
320048,1
320049,1
320050,1
320051,1
320052,1
320053,1
320054,1
320055,1
320056,1
320057,1
320058,1
320059,1
320060,1
320061,1
320062,1
320063,1
320064,1
320065,1
320074,1
320075,1
320076,1
320077,1
320078,1
320082,1
320083,1
320084,1
320085,1
320086,1
320093,1
320094,1
320095,1
320096,1
320097,1
320098,1
320099,1
320100,1
320101,1
320102,1
320103,1
320104,1
320105,1
320106,1
320107,1
320108,1
320109,1
320110,1
320111,1
320112,1
320113,1
320114,1
320115,1
320119,1
320120,1
320121,1
320122,1
320123,1
320124,1
321016,1
321017,1
321018,1
321019,1
321101,1
321102,1
321103,1
321104,1
321106,1
321107,1
321108,1
321109,1
321110,1
321111,1
321112,1
321116,1
321117,1
322004,1
322101,1
322102,1
322103,1
322104,1
322106,1
322113,1
322116,1
322117,1
323101,1
323104,1
323108,1
323113,1
324108,1
324113,1
325113,1
330004,1
330005,1
330006,1
330007,1
330008,1
330009,1
330022,1
330023,1
330024,1
330026,1
330028,1
330030,1
330034,1
330043,1
330044,1
330045,1
330046,1
330047,1
330048,1
330049,1
330053,1
330054,1
330055,1
330056,1
330057,1
330058,1
330059,1
330060,1
330063,1
330064,1
330065,1
330066,1
330067,1
330068,1
330072,1
330073,1
330093,1
330094,1
330095,1
330096,1
330097,1
331010,1
331038,1
331039,1
331059,1
332010,1
332038,1
332059,1
333010,1
333038,1
334038,1
341115,1
341118,1
343115,1
350101,1
350102,1
350103,1
350104,1
350105,1
350106,1
350107,1
350108,1
350109,1
350113,1
350114,1
350115,1
350116,1
350117,1
350118,1
350119,1
350120,1
350121,1
350122,1
350123,1
350124,1
350125,1
350126,1
350127,1
350128,1
350129,1
350131,1
350132,1
350133,1
350134,1
350135,1
350136,1
350137,1
350138,1
350139,1
350140,1
350141,1
350142,1
350143,1
350144,1
350145,1
350146,1
350148,1
360002,1
360003,1
360004,1
360005,1
360007,1
360008,1
360009,1
360010,1
360011,1
360012,1
360013,1
360014,1
360015,1
360016,1
360017,1
360018,1
360019,1
360020,1
360021,1
360081,1
360082,1
360083,1
370019,1
370020,1
370021,1
370022,1
370023,1
370024,1
370027,1
370028,1
370029,1
370030,1
370031,1
370032,1
370033,1
370034,1
370035,1
370036,1
370037,1
370038,1
370039,1
370040,1
370041,1
370042,1
370043,1
370044,1
370045,1
370046,1
370047,1
370048,1
370049,1
370050,1
370051,1
370052,1
370053,1
370054,1
370055,1
370056,1
370057,1
370058,1
370059,1
370060,1
370061,1
370062,1
370063,1
370064,1
370065,1
370066,1
370067,1
370068,1
370069,1
370070,1
370071,1
370072,1
370085,1
370087,1
370091,1
370092,1
370093,1
371017,1
371018,1
371082,1
371083,1
371092,1
372017,1
372018,1
372082,1
372083,1
373018,1
374018,1
380011,1
380012,1
380013,1
380014,1
380015,1
380016,1
380038,1
380039,1
380040,1
380041,1
380042,1
380043,1
380044,1
380045,1
380050,1
380051,1
380052,1
380053,1
380063,1
380095,1
380096,1
380097,1
380098,1
380099,1
380101,1
380102,1
380104,1
380105,1
380106,1
380107,1
380108,1
380109,1
380110,1
380111,1
380112,1
380115,1
380119,1
380120,1
380122,1
380123,1
380124,1
380125,1
380126,1
380127,1
380128,1
380129,1
380130,1
380131,1
380132,1
380133,1
380134,1
381002,1
381003,1
381005,1
381008,1
381014,1
381042,1
381043,1
381111,1
381112,1
381113,1
381114,1
381120,1
381121,1
381122,1
381123,1
381124,1
381125,1
381126,1
382002,1
382003,1
382008,1
383002,1
383003,1
383008,1
384002,1
384003,1
390001,1
390009,1
390032,1
390034,1
390036,1
390042,1
390043,1
390045,1
390047,1
390049,1
390052,1
390054,1
390058,1
390060,1
390062,1
390093,1
390095,1
390097,1
390099,1
391005,1
391007,1
391010,1
391011,1
391012,1
391028,1
391030,1
391056,1
392003,1
400009,1
400010,1
400011,1
400013,1
400014,1
400015,1
400016,1
400017,1
400018,1
400019,1
400020,1
400021,1
400022,1
400023,1
400024,1
400025,1
400031,1
400032,1
400033,1
400034,1
400035,1
400036,1
400301,1
400302,1
400304,1
400305,1
400311,1
400312,1
400313,1
400314,1
400315,1
400316,1
400317,1
400318,1
400319,1
400320,1
400321,1
400322,1
400323,1
400324,1
400325,1
400326,1
400327,1
400328,1
400329,1
400330,1
400331,1
400332,1
400333,1
400334,1
400335,1
400336,1
400337,1
400338,1
400339,1
400340,1
400341,1
400342,1
400343,1
400344,1
400345,1
400346,1
400347,1
400348,1
400349,1
400350,1
400351,1
400352,1
400410,1
400411,1
400412,1
400413,1
400414,1
400415,1
400416,1
400417,1
400842,1
400844,1
400846,1
400848,1
402003,1
403002,1
404002,1
405002,1
406002,1
410101,1
410102,1
410103,1
410104,1
410105,1
410106,1
410107,1
410108,1
410109,1
410110,1
410111,1
410112,1
410113,1
410114,1
410115,1
410116,1
410633,1
410634,1
410635,1
410636,1
410637,1
410638,1
410639,1
410640,1
410641,1
410642,1
410643,1
410644,1
410645,1
410646,1
410647,1
410648,1
410649,1
410650,1
410651,1
410652,1
410653,1
410654,1
410655,1
410656,1
410657,1
410658,1
410659,1
410660,1
410661,1
410662,1
410663,1
410664,1
410665,1
410666,1
410667,1
410668,1
410669,1
410670,1
410671,1
410672,1
420003,1
420004,1
430001,1
430002,1
430003,1
430004,1
430005,1
430006,1
430007,1
430008,1
430009,1
430010,1
430011,1
430021,1
430022,1
430023,1
431002,1
431003,1
431004,1
431007,1
431008,1
431009,1
431010,1
431011,1
440001,1
440002,1
440003,1
440004,1
440005,1
440006,1
440007,1
440008,1
440012,1
440013,1
440014,1
440015,1
440016,1
440017,1
440018,1
440019,1
440020,1
440027,1
440028,1
440029,1
440030,1
440031,1
440032,1
440033,1
440034,1
440035,1
440043,1
440044,1
440045,1
440046,1
440047,1
440054,1
440055,1
440057,1
440058,1
440059,1
440060,1
440061,1
440062,1
440063,1
440064,1
440065,1
440066,1
440067,1
440071,1
440072,1
440073,1
440074,1
440075,1
440076,1
440077,1
440078,1
440079,1
440081,1
460001,1
460002,1
460003,1
460004,1
460005,1
460006,1
460007,1
460008,1
460009,1
460011,1
460014,1
460015,1
460018,1
460019,1
460020,1
460021,1
460022,1
460023,1
460025,1
460026,1
460027,1
460028,1
460029,1
460031,1
460032,1
460033,1
460034,1
460035,1
460036,1
460037,1
460038,1
460039,1
460040,1
460041,1
460042,1
460043,1
460044,1
460051,1
460052,1
460053,1
460054,1
460055,1
460056,1
460057,1
460058,1
460059,1
460060,1
460061,1
460062,1
460063,1
460064,1
460065,1
460066,1
460067,1
460068,1
460069,1
460070,1
460071,1
460072,1
460074,1
460075,1
460076,1
460077,1
460078,1
460079,1
460080,1
460081,1
460082,1
460084,1
460086,1
460087,1
460088,1
460089,1
460090,1
460091,1
460092,1
460093,1
460095,1
460096,1
460097,1
460098,1
460099,1
460101,1
460102,1
460103,1
460104,1
460105,1
460106,1
460107,1
460108,1
460109,1
460110,1
460111,1
460112,1
460113,1
460114,1
460115,1
460116,1
460117,1
460118,1
460119,1
460120,1
460121,1
460122,1
460123,1
460124,1
460125,1
460126,1
460127,1
460128,1
460129,1
460130,1
460131,1
460132,1
460133,1
460134,1
460135,1
460136,1
460137,1
460138,1
460139,1
460140,1
460155,1
460156,1
460157,1
460158,1
460159,1
460160,1
460161,1
460162,1
460163,1
460164,1
460165,1
460166,1
460167,1
460168,1
460169,1
460170,1
460171,1
460172,1
460180,1
460181,1
460182,1
460183,1
460185,1
460201,1
460202,1
460203,1
460204,1
460205,1
460208,1
460210,1
460211,1
460213,1
460214,1
460217,1
460218,1
460401,1
460402,1
460403,1
460404,1
460405,1
460406,1
460407,1
460408,1
460409,1
460410,1
460411,1
460412,1
460413,1
460414,1
460415,1
460416,1
460417,1
460418,1
460419,1
460420,1
460421,1
460422,1
460423,1
460424,1
460425,1
460426,1
460427,1
460428,1
460501,1
460502,1
460503,1
460504,1
460505,1
460506,1
460507,1
460508,1
460509,1
460510,1
460512,1
460513,1
460514,1
460515,1
460516,1
460517,1
460519,1
460520,1
460521,1
460522,1
460523,1
460524,1
460525,1
460526,1
460527,1
460528,1
460529,1
460530,1
460531,1
460532,1
460533,1
460534,1
460535,1
460536,1
460537,1
460539,1
460540,1
460541,1
460542,1
460543,1
460545,1
460546,1
460547,1
460548,1
460549,1
460550,1
460551,1
460552,1
460553,1
460554,1
460803,1
460804,1
460805,1
461001,1
461002,1
461010,1
461019,1
461020,1
461021,1
461024,1
461029,1
461030,1
461032,1
461033,1
461034,1
461035,1
461036,1
461037,1
461040,1
461041,1
461042,1
461043,1
461044,1
461045,1
461050,1
461051,1
461052,1
461053,1
461054,1
461055,1
461057,1
461059,1
461060,1
461061,1
461062,1
461063,1
461094,1
461186,1
461187,1
461188,1
461219,1
461220,1
461221,1
461430,1
461431,1
461547,1
461807,1
461808,1
462025,1
462026,1
462027,1
462094,1
462186,1
462187,1
462188,1
462219,1
462220,1
462221,1
462429,1
462547,1
462807,1
462808,1
463010,1
463094,1
463188,1
463219,1
463220,1
463221,1
463807,1
463808,1
464010,1
464029,1
464094,1
464188,1
464219,1
465010,1
467010,1
470101,1
470102,1
470103,1
470104,1
470105,1
470106,1
470107,1
470108,1
470109,1
470110,1
470111,1
470112,1
470113,1
470114,1
470115,1
470116,1
470117,1
470118,1
470119,1
470120,1
470121,1
470122,1
470123,1
470124,1
470125,1
470126,1
470127,1
470128,1
470129,1
470130,1
470131,1
470132,1
470133,1
470134,1
470135,1
470136,1
470137,1
470138,1
470139,1
470140,1
470141,1
470142,1
470143,1
470144,1
470145,1
470146,1
470147,1
470148,1
470149,1
470150,1
470151,1
470601,1
470602,1
470603,1
470604,1
470605,1
470606,1
470607,1
470608,1
470609,1
470610,1
470611,1
470612,1
470613,1
470614,1
470615,1
470616,1
470617,1
470618,1
470619,1
470620,1
470621,1
470622,1
470623,1
470624,1
470625,1
470626,1
470627,1
470628,1
470629,1
470631,1
470632,1
470701,1
470702,1
470703,1
470704,1
470705,1
470706,1
470707,1
470708,1
470709,1
470710,1
470711,1
470712,1
470713,1
470714,1
470715,1
470716,1
470717,1
470718,1
470719,1
470720,1
470721,1
470722,1
470723,1
470724,1
470725,1
470740,1
470742,1
470744,1
470761,1
470762,1
470763,1
470764,1
470765,1
470766,1
470767,1
470768,1
470769,1
470770,1
470771,1
470772,1
470773,1
470774,1
471613,1
471747,1
471748,1
472613,1
472747,1
472748,1
473747,1
473748,1
500001,1
500004,1
500005,1
510101,1
510102,1
510103,1
510104,1
510105,1
510106,1
510107,1
510108,1
510109,1
510110,1
510111,1
510112,1
510113,1
510114,1
510115,1
510116,1
510117,1
510118,1
510119,1
510120,1
510121,1
510122,1
510123,1
510124,1
510125,1
510126,1
510127,1
510128,1
510129,1
510130,1
510131,1
510132,1
510133,1
510134,1
510135,1
510136,1
510137,1
510138,1
510139,1
510140,1
510141,1
510142,1
510143,1
510144,1
510145,1
510146,1
510147,1
510148,1
510149,1
510150,1
510151,1
510152,1
510153,1
510154,1
510155,1
510156,1
510157,1
510158,1
510159,1
510160,1
510161,1
510180,1
510181,1
510182,1
510183,1
510184,1
510185,1
510186,1
510187,1
510188,1
510189,1
510190,1
510191,1
510192,1
510193,1
510194,1
510195,1
510196,1
510197,1
510198,1
510199,1
510203,1
510204,1
510205,1
510206,1
510207,1
510208,1
510209,1
510210,1
510211,1
510212,1
510213,1
510214,1
510215,1
510216,1
510217,1
510218,1
510219,1
510220,1
510221,1
510222,1
510223,1
510224,1
510225,1
510226,1
510227,1
510228,1
510229,1
510230,1
510231,1
510232,1
510233,1
510234,1
510235,1
510236,1
510237,1
510238,1
510239,1
510240,1
510241,1
510242,1
510243,1
510244,1
510245,1
510246,1
510247,1
510248,1
510249,1
510250,1
510251,1
510252,1
510253,1
510254,1
510255,1
510256,1
510257,1
510266,1
510267,1
510268,1
510269,1
510270,1
510271,1
510272,1
510273,1
510274,1
510275,1
510405,1
510406,1
510407,1
510408,1
510409,1
510410,1
510411,1
510412,1
510413,1
510414,1
510415,1
510416,1
510417,1
510418,1
510419,1
510420,1
510421,1
510422,1
510423,1
510424,1
510425,1
510426,1
510427,1
510428,1
510429,1
510440,1
510442,1
510446,1
510447,1
510448,1
510449,1
510450,1
510451,1
510452,1
510453,1
510454,1
510456,1
510457,1
510458,1
510459,1
510460,1
510461,1
510463,1
510464,1
510465,1
510466,1
510467,1
510468,1
510469,1
510470,1
510471,1
510472,1
510473,1
510474,1
510475,1
510476,1
510477,1
510478,1
510479,1
510480,1
510481,1
510482,1
510483,1
510484,1
510485,1
510486,1
510487,1
510500,1
510501,1
510502,1
510503,1
510504,1
510505,1
510506,1
510507,1
510508,1
510509,1
510510,1
510511,1
510512,1
510513,1
510514,1
510515,1
510516,1
510517,1
510518,1
510519,1
510520,1
510521,1
510531,1
510532,1
510533,1
510534,1
510535,1
510536,1
510537,1
510538,1
510539,1
510540,1
510541,1
510542,1
510543,1
510544,1
510545,1
510546,1
510547,1
510548,1
510549,1
510550,1
510551,1
510552,1
510553,1
510554,1
510555,1
510556,1
510557,1
510558,1
510559,1
510560,1
510561,1
510562,1
510564,1
510565,1
510566,1
510567,1
510568,1
510569,1
510570,1
510571,1
510572,1
510573,1
510574,1
510575,1
510576,1
510577,1
510578,1
510579,1
510580,1
510581,1
510582,1
510583,1
510584,1
510585,1
510586,1
510601,1
510602,1
510603,1
510604,1
510605,1
510606,1
510607,1
510608,1
510609,1
510610,1
510611,1
510612,1
510613,1
510614,1
510615,1
510626,1
510627,1
510628,1
510629,1
510630,1
510631,1
510632,1
510633,1
510634,1
510635,1
510636,1
510637,1
510638,1
510639,1
510640,1
510641,1
510642,1
510643,1
510644,1
510645,1
510646,1
510647,1
510648,1
510649,1
510650,1
510651,1
510700,1
510701,1
510702,1
510703,1
510704,1
510705,1
510706,1
510707,1
510708,1
510709,1
510710,1
510711,1
510712,1
510713,1
510714,1
510715,1
510716,1
510717,1
510718,1
510719,1
510720,1
510721,1
510722,1
510723,1
510724,1
510725,1
510736,1
510737,1
510738,1
510739,1
510740,1
510741,1
510742,1
510743,1
510744,1
510745,1
510746,1
510747,1
510748,1
510749,1
510750,1
510752,1
510753,1
510754,1
510755,1
510756,1
510757,1
510758,1
510759,1
510760,1
510761,1
510762,1
510763,1
510764,1
510765,1
510766,1
510767,1
510768,1
510769,1
510770,1
510771,1
510772,1
510773,1
510774,1
510775,1
510776,1
510777,1
510778,1
510779,1
510780,1
510781,1
510782,1
511524,1
511525,1
511526,1
511527,1
511528,1
511530,1
512524,1
512525,1
512526,1
512527,1
512528,1
512530,1
513524,1
513525,1
513526,1
513527,1
513528,1
513530,1
514526,1
514527,1
514530,1
520101,1
520102,1
520103,1
520104,1
520105,1
520106,1
520107,1
520108,1
520109,1
520110,1
520111,1
520112,1
520113,1
520114,1
520116,1
520117,1
520119,1
520120,1
520122,1
520123,1
520124,1
520126,1
520127,1
520128,1
520129,1
520130,1
520131,1
520132,1
520133,1
520134,1
520135,1
520136,1
520137,1
520138,1
520139,1
520140,1
520141,1
520142,1
520143,1
520144,1
520145,1
520146,1
520147,1
520148,1
520149,1
520150,1
520151,1
520153,1
520154,1
520155,1
520156,1
520157,1
520158,1
520159,1
520160,1
520161,1
520162,1
520163,1
520164,1
520165,1
520202,1
520203,1
520204,1
520205,1
520206,1
520207,1
520208,1
520209,1
520210,1
520211,1
520212,1
520213,1
520214,1
520215,1
520216,1
520217,1
520218,1
520219,1
520220,1
520221,1
520222,1
520223,1
520224,1
520225,1
520226,1
520227,1
520228,1
520229,1
520230,1
520231,1
520232,1
520233,1
520234,1
520235,1
520236,1
520237,1
520238,1
520239,1
520240,1
520241,1
520242,1
520243,1
520244,1
520245,1
520246,1
520247,1
520249,1
520250,1
520251,1
520252,1
520253,1
520254,1
520255,1
520256,1
520257,1
520258,1
520259,1
520260,1
520261,1
520262,1
520263,1
520264,1
520265,1
520266,1
520267,1
520268,1
520269,1
520270,1
520271,1
520272,1
520273,1
520274,1
520275,1
520276,1
520277,1
520278,1
520279,1
520280,1
520281,1
520282,1
520283,1
520284,1
520285,1
520286,1
520287,1
520288,1
520289,1
520290,1
520291,1
520292,1
520293,1
520294,1
520295,1
520296,1
520297,1
520298,1
520301,1
520302,1
520303,1
520304,1
520305,1
520306,1
520307,1
520308,1
520309,1
520310,1
520311,1
520312,1
520313,1
520314,1
520315,1
520316,1
520317,1
520318,1
520319,1
520320,1
520321,1
520322,1
520323,1
520324,1
520325,1
520326,1
520327,1
520328,1
520329,1
520330,1
520331,1
520332,1
520333,1
520334,1
520335,1
520336,1
520337,1
520338,1
520339,1
520340,1
520341,1
520342,1
520343,1
520345,1
520346,1
520347,1
520348,1
520349,1
520350,1
520351,1
520352,1
520353,1
520354,1
520355,1
520356,1
520357,1
520358,1
520359,1
520360,1
520361,1
520362,1
520363,1
520364,1
520365,1
520366,1
520367,1
520368,1
520369,1
520370,1
520371,1
520372,1
520373,1
520374,1
520381,1
520382,1
520383,1
520384,1
520385,1
520386,1
520387,1
520388,1
520389,1
520390,1
520391,1
520392,1
520393,1
520394,1
520395,1
520396,1
520401,1
520402,1
520403,1
520404,1
520405,1
520406,1
520407,1
520408,1
520409,1
520410,1
520411,1
520412,1
520413,1
520414,1
520415,1
520416,1
520417,1
520418,1
520419,1
520420,1
520421,1
520422,1
520423,1
520424,1
520425,1
520426,1
520427,1
520428,1
520429,1
520430,1
520431,1
520432,1
520433,1
520434,1
520435,1
520436,1
520437,1
520438,1
520439,1
520440,1
520443,1
520444,1
520445,1
520446,1
520447,1
520448,1
520449,1
520450,1
520451,1
520452,1
520453,1
520454,1
520455,1
520456,1
520457,1
520458,1
520459,1
520460,1
520461,1
520462,1
520463,1
520464,1
520465,1
520467,1
520468,1
520469,1
520470,1
520472,1
520474,1
520476,1
520477,1
520479,1
520480,1
520482,1
520483,1
520484,1
520485,1
520486,1
520487,1
520488,1
520489,1
520490,1
520491,1
520492,1
520493,1
520494,1
520495,1
520496,1
520497,1
520498,1
520501,1
520502,1
520503,1
520505,1
520508,1
520509,1
520701,1
520702,1
520703,1
520704,1
520705,1
520706,1
520707,1
520708,1
520709,1
520710,1
520711,1
520712,1
520713,1
520714,1
520715,1
520716,1
520717,1
520718,1
520719,1
520720,1
520721,1
520722,1
520723,1
520724,1
520725,1
520726,1
520727,1
520728,1
520729,1
520730,1
520731,1
520732,1
520733,1
520734,1
520735,1
520736,1
520737,1
520738,1
520739,1
520740,1
520741,1
520742,1
520801,1
520802,1
520803,1
520804,1
520805,1
520806,1
520807,1
520808,1
520809,1
520810,1
520811,1
520812,1
520813,1
520814,1
520815,1
520816,1
520817,1
520818,1
520819,1
520820,1
520821,1
520822,1
520824,1
520825,1
520826,1
520827,1
520828,1
520829,1
520830,1
520831,1
520832,1
520833,1
520834,1
520835,1
520836,1
520837,1
520838,1
520839,1
520840,1
520841,1
520842,1
520843,1
520844,1
520845,1
520846,1
520847,1
520848,1
520849,1
520850,1
520851,1
520852,1
520853,1
520854,1
520855,1
520856,1
520857,1
520858,1
520859,1
520860,1
520861,1
520862,1
520863,1
520864,1
520865,1
520866,1
520867,1
520868,1
520869,1
520870,1
520871,1
520872,1
520873,1
520874,1
520875,1
520876,1
520877,1
520878,1
520879,1
520880,1
520881,1
520883,1
520884,1
520885,1
520886,1
520887,1
520888,1
520889,1
520891,1
520892,1
520893,1
520894,1
520895,1
520896,1
520897,1
520898,1
520899,1
520902,1
520903,1
520906,1
520907,1
520908,1
520909,1
520910,1
520911,1
520912,1
520913,1
520914,1
520915,1
520916,1
520921,1
520922,1
520924,1
520925,1
520926,1
520927,1
520928,1
520929,1
520930,1
520931,1
520932,1
520933,1
520934,1
520935,1
520936,1
520937,1
520938,1
520939,1
520940,1
520941,1
520942,1
520943,1
520944,1
520945,1
520946,1
521101,1
521102,1
521105,1
521106,1
521107,1
521108,1
521109,1
521110,1
521111,1
521112,1
521113,1
521114,1
521124,1
521125,1
521126,1
521127,1
521138,1
521139,1
521141,1
521142,1
521144,1
521145,1
521146,1
521147,1
521148,1
521149,1
521150,1
521151,1
521156,1
521157,1
521158,1
521159,1
521160,1
521161,1
521162,1
521163,1
521164,1
521165,1
521166,1
521167,1
521168,1
521201,1
521221,1
521222,1
521223,1
521224,1
521225,1
521226,1
521227,1
521228,1
521229,1
521230,1
521231,1
521232,1
521233,1
521234,1
521235,1
521242,1
521243,1
521244,1
521245,1
521246,1
521247,1
521248,1
521253,1
521254,1
521255,1
521299,1
521367,1
521450,1
521485,1
521486,1
521487,1
521488,1
521489,1
521490,1
521491,1
521493,1
521495,1
521496,1
521497,1
521498,1
521499,1
521515,1
521518,1
521519,1
521520,1
521522,1
521523,1
521524,1
521601,1
521604,1
521605,1
521606,1
521608,1
521609,1
521610,1
521612,1
521613,1
521614,1
521857,1
521858,1
521859,1
521860,1
521861,1
521862,1
521863,1
521864,1
521867,1
521868,1
521869,1
521870,1
521871,1
521874,1
521876,1
521878,1
521879,1
521880,1
521882,1
521886,1
521887,1
521888,1
521889,1
521890,1
521891,1
521892,1
521893,1
521894,1
521895,1
521896,1
521897,1
521898,1
521899,1
522167,1
522168,1
522201,1
522230,1
522256,1
522486,1
522487,1
522489,1
522491,1
522492,1
522493,1
522494,1
522495,1
522496,1
522497,1
522498,1
522499,1
522515,1
522518,1
522519,1
522520,1
522522,1
522523,1
522524,1
522601,1
522604,1
522605,1
522606,1
522608,1
522609,1
522610,1
522612,1
522613,1
522614,1
522842,1
522856,1
522857,1
522858,1
522860,1
522863,1
522868,1
522869,1
522871,1
522874,1
522875,1
522878,1
522879,1
522890,1
523167,1
523168,1
523230,1
523450,1
523491,1
523492,1
523493,1
523495,1
523496,1
523497,1
523498,1
523515,1
523518,1
523519,1
523520,1
523522,1
523523,1
523601,1
523605,1
523606,1
523608,1
523609,1
523610,1
523842,1
523856,1
523868,1
523871,1
523874,1
523876,1
523890,1
524167,1
524168,1
524201,1
524230,1
524450,1
524491,1
524493,1
524494,1
524495,1
524497,1
524498,1
524515,1
524518,1
524519,1
524523,1
524601,1
524605,1
524606,1
524609,1
524842,1
524856,1
525230,1
525450,1
525491,1
525494,1
525495,1
525496,1
525497,1
525498,1
525842,1
525856,1
526230,1
526450,1
526491,1
526496,1
526497,1
526498,1
526842,1
526856,1
527201,1
527230,1
527450,1
527491,1
527492,1
527494,1
527497,1
527498,1
527842,1
528230,1
528494,1
528498,1
528842,1
529230,1
529494,1
529498,1
530001,1
530002,1
530005,1
530006,1
530007,1
530015,1
530016,1
530017,1
530018,1
530019,1
530020,1
530021,1
530022,1
530023,1
530024,1
530101,1
530102,1
530103,1
530106,1
530108,1
530109,1
530110,1
530111,1
530112,1
530113,1
530114,1
530115,1
530116,1
530117,1
530118,1
530119,1
530120,1
530121,1
530122,1
530123,1
530124,1
530125,1
530126,1
530127,1
530128,1
530129,1
530130,1
530131,1
530132,1
530133,1
530134,1
530135,1
530136,1
530137,1
530138,1
530139,1
530140,1
530141,1
530142,1
530143,1
530144,1
530145,1
530154,1
530155,1
530156,1
530157,1
530158,1
530159,1
530160,1
530161,1
530165,1
530166,1
530167,1
530168,1
530169,1
530170,1
530171,1
530172,1
530173,1
530201,1
530210,1
530211,1
530220,1
530221,1
530222,1
530230,1
530231,1
530232,1
530233,1
530234,1
530235,1
530236,1
530237,1
530238,1
530239,1
530240,1
530241,1
530242,1
530243,1
530244,1
530245,1
530246,1
530247,1
530248,1
530249,1
530250,1
530251,1
530252,1
530253,1
530254,1
530301,1
530302,1
530303,1
530304,1
530305,1
530306,1
530307,1
530308,1
530309,1
530310,1
530311,1
530312,1
530313,1
530314,1
530315,1
530316,1
530317,1
530318,1
530319,1
530320,1
530321,1
530322,1
530323,1
530324,1
530325,1
530326,1
530327,1
530328,1
530332,1
530333,1
530334,1
530336,1
530337,1
530338,1
530339,1
530340,1
530341,1
530351,1
530352,1
530353,1
530354,1
530355,1
530356,1
530357,1
530358,1
530359,1
530360,1
530361,1
530362,1
530363,1
530370,1
530371,1
530372,1
530373,1
530374,1
530375,1
530401,1
530402,1
530403,1
530404,1
530405,1
530406,1
530407,1
530409,1
530410,1
530411,1
530412,1
530413,1
530414,1
530415,1
530416,1
530417,1
530418,1
530419,1
530420,1
530421,1
530422,1
530423,1
530424,1
530425,1
530426,1
530427,1
530428,1
530429,1
530430,1
530431,1
530432,1
530433,1
530434,1
530435,1
530436,1
530437,1
530438,1
530439,1
530440,1
530441,1
530442,1
530443,1
530444,1
530445,1
530446,1
530447,1
530448,1
530449,1
530450,1
530451,1
530452,1
530453,1
530454,1
530455,1
530456,1
530457,1
530458,1
530460,1
530461,1
530462,1
530463,1
530465,1
530466,1
530467,1
530468,1
530501,1
530502,1
530503,1
530504,1
530505,1
530506,1
530507,1
530508,1
530509,1
530510,1
530511,1
530512,1
530513,1
530514,1
530515,1
530516,1
530517,1
530520,1
530521,1
530522,1
530523,1
530524,1
530525,1
530526,1
530527,1
530528,1
530529,1
530530,1
530531,1
530532,1
530533,1
530534,1
530535,1
530536,1
530537,1
530538,1
530539,1
530540,1
530541,1
530542,1
530543,1
530544,1
530545,1
530546,1
530547,1
530548,1
530549,1
530550,1
530551,1
530552,1
530553,1
530554,1
530555,1
530556,1
530557,1
530558,1
530559,1
530560,1
530561,1
530562,1
530563,1
530564,1
530565,1
530566,1
530567,1
530568,1
530569,1
530570,1
530571,1
530572,1
530573,1
530574,1
530575,1
530576,1
530577,1
530578,1
530579,1
530580,1
530601,1
530602,1
530603,1
530604,1
530605,1
530606,1
530607,1
530608,1
530609,1
530610,1
530611,1
530612,1
530613,1
530614,1
530615,1
530616,1
530617,1
530618,1
530619,1
530620,1
530621,1
530622,1
530623,1
530624,1
530625,1
530626,1
530627,1
530628,1
530629,1
530630,1
530631,1
530632,1
530633,1
530634,1
530635,1
530636,1
530637,1
530638,1
530639,1
530640,1
530641,1
530642,1
530643,1
530644,1
530645,1
530646,1
530647,1
530648,1
530649,1
530650,1
530651,1
530652,1
530653,1
530654,1
530655,1
530656,1
530657,1
530658,1
530659,1
530660,1
530661,1
530662,1
530665,1
530666,1
530667,1
530668,1
530669,1
530670,1
530671,1
530672,1
530673,1
530674,1
530675,1
530676,1
530677,1
530678,1
530679,1
530680,1
530681,1
530682,1
530683,1
530684,1
530685,1
530686,1
530687,1
530688,1
530689,1
530690,1
530691,1
530692,1
530693,1
530694,1
530695,1
530696,1
530697,1
530698,1
530699,1
530701,1
530702,1
530703,1
530704,1
530705,1
530706,1
530707,1
530708,1
530709,1
530710,1
530711,1
530712,1
530804,1
530811,1
530830,1
530831,1
530832,1
530833,1
530834,1
530835,1
530836,1
530837,1
530838,1
530850,1
530851,1
530852,1
530853,1
530909,1
530910,1
530911,1
530912,1
530913,1
530914,1
530915,1
530916,1
530917,1
530918,1
530919,1
530920,1
530921,1
530922,1
530923,1
530924,1
530925,1
530926,1
530927,1
530928,1
530929,1
530930,1
530931,1
530936,1
530937,1
530938,1
530939,1
530940,1
530941,1
530942,1
530943,1
530944,1
530945,1
530946,1
530950,1
530951,1
530952,1
530953,1
530954,1
530955,1
530956,1
530957,1
530958,1
530959,1
530960,1
530961,1
530962,1
530963,1
530964,1
530965,1
530966,1
530967,1
530968,1
530969,1
530970,1
530971,1
530972,1
530973,1
530974,1
530975,1
530976,1
531001,1
531002,1
531003,1
531004,1
531006,1
531007,1
531008,1
531174,1
531365,1
531376,1
531470,1
531471,1
531473,1
531475,1
531476,1
531477,1
531698,1
531699,1
531932,1
531933,1
531979,1
531980,1
531981,1
531984,1
531985,1
531986,1
531987,1
531988,1
531991,1
531992,1
531993,1
531994,1
531995,1
531996,1
531997,1
531998,1
532174,1
532364,1
532365,1
532376,1
532470,1
532471,1
532473,1
532475,1
532476,1
532477,1
532698,1
532699,1
532932,1
532979,1
532980,1
532981,1
532984,1
532985,1
532986,1
532987,1
532988,1
532991,1
532992,1
532993,1
532994,1
532995,1
532996,1
532997,1
532998,1
532999,1
533365,1
533376,1
533470,1
533473,1
533475,1
533476,1
533477,1
533698,1
533699,1
533978,1
533979,1
533980,1
533981,1
533984,1
533987,1
533988,1
534997,1
536978,1
536980,1
536994,1
536995,1
536996,1
537365,1
537475,1
537981,1
537984,1
538473,1
538698,1
540101,1
540102,1
540103,1
540104,1
540105,1
540106,1
540107,1
540108,1
540109,1
540110,1
540111,1
540112,1
540113,1
540114,1
540115,1
540121,1
540122,1
540123,1
540124,1
540125,1
540126,1
540127,1
540128,1
540129,1
540130,1
540131,1
540132,1
540133,1
540134,1
540135,1
540136,1
540137,1
540138,1
540139,1
540140,1
540141,1
540142,1
540143,1
540144,1
540145,1
540146,1
540147,1
540148,1
540149,1
540150,1
540151,1
540152,1
540153,1
540154,1
540155,1
540156,1
540193,1
540194,1
540195,1
540196,1
540197,1
540202,1
540229,1
540230,1
540231,1
540232,1
540233,1
540234,1
540235,1
540236,1
540237,1
540238,1
540239,1
540240,1
540241,1
540244,1
540245,1
540246,1
540247,1
540248,1
540249,1
540251,1
540252,1
540253,1
540254,1
540255,1
540256,1
540264,1
540319,1
541116,1
541117,1
541119,1
541120,1
541121,1
541122,1
541123,1
541124,1
541157,1
541158,1
541159,1
541162,1
541163,1
541164,1
541178,1
541180,1
541183,1
541184,1
541185,1
541186,1
541187,1
541188,1
541189,1
541190,1
541191,1
541192,1
541200,1
541201,1
541202,1
541203,1
541204,1
541205,1
541206,1
541208,1
541209,1
541210,1
541211,1
541212,1
541213,1
541215,1
541216,1
541217,1
541223,1
541224,1
541225,1
541226,1
541227,1
541228,1
541250,1
541257,1
541258,1
541259,1
541260,1
541261,1
541262,1
541264,1
541265,1
541266,1
541267,1
541268,1
541269,1
541270,1
541271,1
541272,1
541273,1
541274,1
541275,1
541277,1
541278,1
541279,1
541280,1
541281,1
541282,1
541286,1
541287,1
541288,1
541289,1
541290,1
541291,1
541292,1
541293,1
541294,1
541295,1
541296,1
541297,1
541298,1
541299,1
541301,1
541302,1
541303,1
541304,1
541305,1
541306,1
541307,1
541308,1
541309,1
541310,1
541311,1
541312,1
541313,1
541314,1
541315,1
541316,1
541317,1
541318,1
541319,1
541320,1
541321,1
541322,1
541323,1
541324,1
541325,1
541326,1
541327,1
541329,1
541330,1
541331,1
541332,1
541333,1
541334,1
541335,1
541336,1
541338,1
541351,1
541353,1
541355,1
541356,1
542116,1
542117,1
542119,1
542120,1
542121,1
542122,1
542123,1
542124,1
542157,1
542158,1
542162,1
542163,1
542164,1
542178,1
542180,1
542183,1
542184,1
542185,1
542186,1
542187,1
542188,1
542189,1
542190,1
542191,1
542192,1
542200,1
542201,1
542202,1
542203,1
542204,1
542205,1
542206,1
542207,1
542208,1
542209,1
542210,1
542211,1
542212,1
542213,1
542215,1
542216,1
542217,1
542223,1
542224,1
542225,1
542226,1
542227,1
542228,1
542250,1
542257,1
542258,1
542259,1
542260,1
542261,1
542262,1
542264,1
542265,1
542266,1
542267,1
542268,1
542269,1
542271,1
542272,1
542273,1
542274,1
542275,1
542277,1
542278,1
542279,1
542280,1
542281,1
542282,1
542286,1
542287,1
542288,1
542289,1
542290,1
542291,1
542292,1
542293,1
542295,1
542296,1
542297,1
542298,1
542299,1
542301,1
542302,1
542303,1
542304,1
542305,1
542306,1
542307,1
542308,1
542309,1
542310,1
542311,1
542312,1
542313,1
542314,1
542315,1
542316,1
542317,1
542318,1
542319,1
542320,1
542321,1
542322,1
542323,1
542324,1
542325,1
542326,1
542327,1
542329,1
542330,1
542331,1
542332,1
542333,1
542334,1
542335,1
542336,1
542338,1
542351,1
542353,1
542356,1
543116,1
543117,1
543119,1
543120,1
543121,1
543122,1
543123,1
543124,1
543157,1
543158,1
543162,1
543163,1
543164,1
543178,1
543180,1
543183,1
543184,1
543185,1
543186,1
543188,1
543189,1
543192,1
543201,1
543202,1
543203,1
543204,1
543205,1
543206,1
543207,1
543209,1
543210,1
543211,1
543212,1
543216,1
543217,1
543223,1
543224,1
543225,1
543226,1
543227,1
543228,1
543250,1
543257,1
543258,1
543259,1
543260,1
543261,1
543262,1
543264,1
543265,1
543266,1
543268,1
543269,1
543271,1
543272,1
543273,1
543274,1
543275,1
543277,1
543278,1
543279,1
543282,1
543286,1
543287,1
543288,1
543290,1
543291,1
543293,1
543295,1
543296,1
543298,1
543299,1
543301,1
543302,1
543303,1
543305,1
543306,1
543307,1
543308,1
543309,1
543311,1
543313,1
543314,1
543315,1
543316,1
543317,1
543318,1
543319,1
543320,1
543321,1
543322,1
543323,1
543324,1
543325,1
543326,1
543327,1
543331,1
543332,1
543333,1
543334,1
543335,1
543336,1
543338,1
543351,1
544119,1
544121,1
544122,1
544123,1
544157,1
544158,1
544178,1
544180,1
544183,1
544185,1
544186,1
544188,1
544200,1
544201,1
544203,1
544204,1
544206,1
544207,1
544211,1
544216,1
544223,1
544224,1
544227,1
544250,1
544258,1
544260,1
544261,1
544262,1
544264,1
544265,1
544268,1
544269,1
544272,1
544273,1
544275,1
544277,1
544291,1
544293,1
544298,1
544301,1
544302,1
544305,1
544307,1
544309,1
544311,1
544313,1
544314,1
544317,1
544318,1
544320,1
544324,1
544326,1
544333,1
544336,1
544338,1
544351,1
545122,1
545123,1
545203,1
547207,1
548264,1
548265,1
550101,1
550102,1
550103,1
550104,1
550105,1
550106,1
550107,1
550108,1
550109,1
550110,1
550111,1
550112,1
550113,1
550114,1
550115,1
550116,1
550117,1
550118,1
550119,1
550120,1
550121,1
550122,1
550123,1
550124,1
550125,1
550126,1
550127,1
550135,1
550136,1
550137,1
550138,1
550139,1
550140,1
550141,1
550142,1
550143,1
550144,1
550145,1
550146,1
550147,1
550148,1
550151,1
550152,1
550153,1
550154,1
550201,1
550202,1
550203,1
550204,1
550205,1
550206,1
550207,1
550208,1
550209,1
550210,1
550211,1
550212,1
550213,1
550214,1
550215,1
550216,1
550217,1
550218,1
550219,1
550220,1
550221,1
550222,1
550223,1
550224,1
550225,1
550226,1
550227,1
550228,1
550229,1
550230,1
550231,1
550232,1
550233,1
550234,1
550235,1
550236,1
550237,1
550238,1
550239,1
550240,1
550241,1
550242,1
550243,1
550244,1
550245,1
550246,1
550253,1
550254,1
550255,1
550256,1
550257,1
550258,1
550261,1
550262,1
550263,1
550301,1
550302,1
550303,1
550304,1
550305,1
550306,1
550307,1
550308,1
550309,1
550310,1
550311,1
550312,1
550313,1
550314,1
550315,1
550316,1
550317,1
550318,1
550319,1
550321,1
550322,1
550323,1
550324,1
550325,1
550326,1
550327,1
550328,1
550329,1
550330,1
550331,1
550332,1
550333,1
550334,1
550335,1
550401,1
550402,1
550403,1
550404,1
550405,1
550407,1
550408,1
550409,1
550410,1
550411,1
550412,1
550413,1
550414,1
550415,1
550416,1
550417,1
550418,1
550419,1
550420,1
550421,1
550422,1
550423,1
550424,1
550425,1
550426,1
550427,1
550500,1
550501,1
550502,1
550504,1
550505,1
550506,1
550507,1
550508,1
550509,1
550510,1
550511,1
550512,1
550514,1
550515,1
550516,1
550517,1
550518,1
550519,1
550520,1
550521,1
550522,1
550523,1
550524,1
550525,1
550526,1
550527,1
550528,1
550529,1
550530,1
550531,1
550532,1
550533,1
550534,1
550535,1
550536,1
550537,1
550538,1
550539,1
550540,1
550541,1
550542,1
550543,1
550544,1
550545,1
550546,1
550547,1
550548,1
550549,1
550550,1
550551,1
550552,1
550553,1
550554,1
551232,1
551234,1
551236,1
551506,1
551535,1
552506,1
560101,1
560102,1
560103,1
560104,1
560105,1
560106,1
560107,1
560108,1
560109,1
560110,1
560111,1
560112,1
560113,1
560114,1
560116,1
560117,1
560118,1
560119,1
560120,1
560121,1
560122,1
560124,1
560126,1
560127,1
560128,1
560129,1
560130,1
560131,1
560132,1
560133,1
560134,1
560150,1
560151,1
560152,1
560153,1
560154,1
560155,1
560156,1
560157,1
560159,1
560163,1
560170,1
560171,1
560172,1
560173,1
560174,1
560175,1
560176,1
560177,1
560178,1
560179,1
560180,1
560181,1
560182,1
560201,1
560202,1
560204,1
560205,1
560207,1
560208,1
560209,1
560210,1
560211,1
560212,1
560213,1
560214,1
560215,1
560216,1
560218,1
560219,1
560220,1
560221,1
560222,1
560223,1
560225,1
560226,1
560229,1
560230,1
560231,1
560232,1
560233,1
560234,1
560235,1
560253,1
560254,1
560255,1
560256,1
560258,1
560259,1
560301,1
560302,1
560303,1
560304,1
560305,1
560306,1
560311,1
560312,1
560313,1
560314,1
560317,1
560319,1
560320,1
560321,1
560322,1
560323,1
560324,1
560325,1
560326,1
560327,1
560328,1
560329,1
560330,1
560331,1
560332,1
560333,1
560334,1
560335,1
560336,1
560337,1
560338,1
560339,1
560343,1
560344,1
560345,1
560346,1
560347,1
560348,1
560350,1
560351,1
560352,1
560353,1
560354,1
560401,1
560402,1
560403,1
560404,1
560405,1
560406,1
560407,1
560408,1
560411,1
560412,1
560413,1
560414,1
560415,1
560416,1
560417,1
560418,1
560419,1
560421,1
560422,1
560423,1
560424,1
560425,1
560426,1
560427,1
560428,1
560429,1
560430,1
560431,1
560432,1
560433,1
560434,1
560435,1
560436,1
560437,1
560438,1
560439,1
560440,1
560441,1
560442,1
560443,1
560444,1
560445,1
560446,1
560447,1
560448,1
560449,1
560450,1
560451,1
560452,1
560453,1
560456,1
560457,1
560458,1
560459,1
560460,1
560461,1
560462,1
560463,1
560464,1
560465,1
560466,1
560467,1
560468,1
560470,1
560471,1
560472,1
560473,1
560474,1
560475,1
560476,1
560501,1
560502,1
560503,1
560504,1
560505,1
560506,1
560507,1
560508,1
560509,1
560510,1
560511,1
560512,1
560513,1
560520,1
560521,1
560522,1
560523,1
560524,1
560529,1
560532,1
560533,1
560534,1
560535,1
560536,1
560537,1
560538,1
560539,1
560540,1
560541,1
560542,1
560543,1
560544,1
560545,1
560546,1
560547,1
560548,1
560549,1
560550,1
560551,1
560552,1
560553,1
560554,1
560555,1
560556,1
560557,1
560558,1
560559,1
560560,1
560561,1
560562,1
560563,1
560564,1
560565,1
560570,1
560571,1
560572,1
560573,1
560575,1
560576,1
560577,1
560578,1
560584,1
560585,1
560586,1
560587,1
560601,1
560602,1
560603,1
560604,1
560605,1
560606,1
560607,1
560608,1
560609,1
560610,1
560611,1
560612,1
560613,1
560614,1
560615,1
560616,1
560617,1
560618,1
560619,1
560620,1
560621,1
560622,1
560623,1
560624,1
560625,1
560627,1
560629,1
560630,1
560631,1
560632,1
560633,1
560634,1
560635,1
560636,1
560637,1
560638,1
560639,1
560640,1
560642,1
560643,1
560644,1
560646,1
560648,1
560649,1
560650,1
560704,1
560705,1
560709,1
560710,1
560713,1
560714,1
560716,1
560720,1
560722,1
560725,1
560727,1
560728,1
560729,1
561104,1
561227,1
561228,1
561253,1
561260,1
561307,1
561308,1
561310,1
561455,1
561588,1
561590,1
561591,1
561596,1
561700,1
562226,1
562228,1
562260,1
562307,1
562308,1
562309,1
562310,1
562315,1
562316,1
562455,1
562588,1
562590,1
562596,1
562700,1
563307,1
563310,1
563315,1
563455,1
563588,1
563596,1
563700,1
564588,1
564596,1
566226,1
570022,1
570023,1
570024,1
570101,1
570102,1
570103,1
570104,1
570105,1
570106,1
570107,1
570108,1
570109,1
570110,1
570111,1
570112,1
570113,1
570114,1
570115,1
570116,1
570117,1
570118,1
570119,1
570120,1
570121,1
570122,1
570123,1
570124,1
570125,1
570126,1
570127,1
570128,1
570129,1
570130,1
570131,1
570132,1
570133,1
570134,1
570135,1
570136,1
570137,1
570138,1
570139,1
570140,1
570141,1
570142,1
570143,1
570144,1
570145,1
570146,1
570147,1
570148,1
570149,1
570150,1
570151,1
570152,1
570153,1
570154,1
570155,1
570156,1
570157,1
570158,1
570159,1
570160,1
570161,1
570162,1
570163,1
570164,1
570165,1
570166,1
570167,1
570168,1
570169,1
570170,1
570171,1
570172,1
570173,1
570174,1
570175,1
570176,1
570177,1
570178,1
570179,1
570180,1
570181,1
570182,1
570183,1
570184,1
570185,1
570186,1
570187,1
570188,1
570189,1
570190,1
570191,1
570192,1
570193,1
570194,1
570195,1
570196,1
570197,1
570201,1
570202,1
570203,1
570204,1
570205,1
570206,1
570207,1
570208,1
570209,1
570210,1
570211,1
570212,1
570213,1
570214,1
570215,1
570216,1
570217,1
570218,1
570219,1
570220,1
570221,1
570222,1
570223,1
570224,1
570225,1
570226,1
570227,1
570228,1
570229,1
570230,1
570231,1
570232,1
570233,1
570234,1
570235,1
570236,1
570237,1
570238,1
570239,1
570240,1
570241,1
570242,1
570243,1
570244,1
570245,1
570246,1
570247,1
570248,1
570249,1
570250,1
570251,1
570252,1
570253,1
570254,1
570255,1
570256,1
570257,1
570258,1
570259,1
570260,1
570261,1
570262,1
570263,1
570264,1
570265,1
570266,1
570267,1
570268,1
570269,1
570270,1
570271,1
570272,1
570278,1
570281,1
570285,1
570286,1
570287,1
570288,1
570289,1
570290,1
570291,1
570292,1
570293,1
570301,1
570302,1
570303,1
570304,1
570305,1
570306,1
570307,1
570308,1
570309,1
570310,1
570311,1
570312,1
570313,1
570401,1
570402,1
570403,1
570404,1
570405,1
570406,1
570407,1
570408,1
570441,1
570442,1
570443,1
570444,1
570445,1
570446,1
570447,1
570448,1
570449,1
570450,1
570451,1
570452,1
570453,1
570454,1
570455,1
570501,1
570502,1
570503,1
570506,1
571150,1
571273,1
571275,1
572273,1
590002,1
590003,1
590004,1
590005,1
590006,1
590007,1
590008,1
590009,1
590010,1
590011,1
590012,1
590013,1
590014,1
590015,1
590016,1
590017,1
590018,1
590019,1
591501,1
600020,1
600021,1
600022,1
600023,1
600024,1
600025,1
600030,1
600031,1
600032,1
600033,1
600034,1
600035,1
600036,1
600037,1
600038,1
600039,1
600040,1
600041,1
600043,1
600044,1
600045,1
600046,1
600047,1
600048,1
600049,1
600050,1
600051,1
600052,1
600053,1
600054,1
600055,1
600056,1
600057,1
600060,1
600062,1
600063,1
600064,1
600065,1
600101,1
600102,1
600103,1
600104,1
600105,1
600106,1
600107,1
600108,1
600109,1
600110,1
600111,1
600112,1
600113,1
600114,1
600115,1
600116,1
600201,1
600202,1
600203,1
600204,1
600205,1
600206,1
600207,1
600208,1
600209,1
600210,1
600211,1
600212,1
600213,1
600214,1
600215,1
600216,1
600217,1
600218,1
600219,1
600220,1
600221,1
600222,1
600223,1
600224,1
600225,1
600226,1
600227,1
600228,1
600229,1
600230,1
600231,1
600232,1
600233,1
600234,1
600235,1
600236,1
600237,1
600238,1
600239,1
600240,1
600241,1
600242,1
600243,1
600244,1
600245,1
600246,1
600247,1
600248,1
600249,1
600250,1
600251,1
600252,1
600253,1
600256,1
600257,1
600258,1
600259,1
600260,1
600261,1
600262,1
600263,1
600264,1
600265,1
600266,1
600267,1
600268,1
600269,1
600270,1
600271,1
600272,1
600273,1
600274,1
600275,1
600276,1
600277,1
600278,1
600279,1
600280,1
600281,1
600282,1
600283,1
600284,1
600301,1
600302,1
600303,1
600304,1
600305,1
600306,1
600307,1
600308,1
600309,1
600310,1
600311,1
600312,1
600313,1
600314,1
600315,1
600316,1
600317,1
600318,1
600319,1
600320,1
600321,1
600322,1
600323,1
600324,1
600325,1
600326,1
600327,1
600328,1
600329,1
600330,1
600331,1
600332,1
600333,1
600334,1
600335,1
600336,1
600337,1
600338,1
600339,1
600340,1
600341,1
600345,1
600348,1
600349,1
600351,1
600371,1
600372,1
600401,1
600402,1
600403,1
600404,1
600405,1
600406,1
600407,1
600408,1
600409,1
600410,1
600411,1
600412,1
600413,1
600414,1
600415,1
600416,1
601215,1
601217,1
601219,1
601221,1
601223,1
601225,1
601240,1
601285,1
601286,1
601287,1
601288,1
601322,1
602285,1
602286,1
602287,1
602288,1
603285,1
603286,1
603287,1
603288,1
604285,1
604286,1
604287,1
604288,1
605288,1
610111,1
610112,1
610113,1
610114,1
610115,1
610119,1
610120,1
610121,1
610122,1
610151,1
610152,1
610153,1
610154,1
610155,1
610156,1
610157,1
610158,1
610159,1
610160,1
610161,1
610162,1
610163,1
610177,1
610178,1
610179,1
610180,1
610181,1
610182,1
610183,1
610184,1
610321,1
610322,1
610323,1
610324,1
610325,1
610326,1
610327,1
610328,1
610329,1
610330,1
610332,1
610333,1
610334,1
610335,1
610336,1
610345,1
610346,1
610347,1
610348,1
610349,1
610350,1
610351,1
610352,1
610353,1
610354,1
610355,1
610357,1
610358,1
610359,1
610360,1
610361,1
610362,1
610363,1
610365,1
610366,1
610367,1
610368,1
610369,1
611138,1
611140,1
611150,1
611164,1
611165,1
611166,1
611175,1
611331,1
611337,1
611338,1
611339,1
612138,1
612140,1
612165,1
612166,1
612175,1
612337,1
612338,1
612339,1
613138,1
613140,1
613175,1
613337,1
613339,1
614138,1
614140,1
614337,1
614339,1
640174,1
640175,1
640176,1
640185,1
640187,1
640188,1
640191,1
640198,1
640199,1
640200,1
640201,1
640202,1
640203,1
640204,1
640205,1
640206,1
640207,1
640208,1
640209,1
640210,1
640211,1
640212,1
640213,1
640214,1
640215,1
640221,1
640257,1
640258,1
640259,1
640260,1
640261,1
640262,1
640263,1
640264,1
640265,1
640266,1
640267,1
640401,1
640402,1
640403,1
640404,1
640405,1
640406,1
640407,1
640408,1
640409,1
640410,1
640411,1
640412,1
640413,1
640414,1
640415,1
640416,1
640417,1
640418,1
640419,1
640420,1
640421,1
640422,1
640423,1
640424,1
640425,1
640426,1
640427,1
640428,1
640429,1
640430,1
640431,1
640432,1
640433,1
640434,1
640435,1
640436,1
640437,1
640438,1
640439,1
640440,1
640441,1
640442,1
640443,1
640444,1
640445,1
640446,1
640447,1
640448,1
640449,1
640450,1
640451,1
640452,1
640453,1
640454,1
640455,1
640456,1
640457,1
640458,1
640459,1
640460,1
640461,1
640462,1
640463,1
640464,1
640465,1
640466,1
640467,1
640468,1
640469,1
640470,1
640471,1
640472,1
640473,1
640474,1
640475,1
640476,1
640477,1
640478,1
640479,1
640480,1
640481,1
640482,1
640483,1
640484,1
640485,1
640486,1
640487,1
640488,1
640489,1
640490,1
640491,1
640492,1
640494,1
640495,1
640498,1
640501,1
640502,1
640503,1
640504,1
640506,1
640507,1
640508,1
640510,1
640511,1
640513,1
640514,1
640515,1
640516,1
640517,1
640518,1
640519,1
640520,1
640521,1
640522,1
640523,1
640524,1
640525,1
640526,1
640527,1
640528,1
640529,1
640530,1
640531,1
640532,1
640533,1
640534,1
640535,1
640536,1
640537,1
640538,1
640539,1
640540,1
640541,1
640542,1
640543,1
640544,1
640545,1
640546,1
640547,1
640548,1
640549,1
640550,1
640551,1
640552,1
640553,1
640554,1
640555,1
640556,1
640557,1
640558,1
640559,1
640601,1
640602,1
640603,1
640604,1
640605,1
640606,1
640607,1
640608,1
640609,1
640610,1
640611,1
640612,1
640613,1
640617,1
640618,1
640619,1
640620,1
640621,1
640622,1
640623,1
640624,1
640625,1
640626,1
640627,1
640628,1
640629,1
640630,1
640631,1
640632,1
640633,1
640634,1
640635,1
640636,1
640637,1
640639,1
640640,1
640641,1
640642,1
640643,1
640644,1
640645,1
640646,1
640647,1
640687,1
640688,1
640689,1
640690,1
640691,1
640692,1
640693,1
640694,1
640695,1
640696,1
640701,1
640702,1
640703,1
640704,1
640705,1
640706,1
640707,1
640708,1
640709,1
640710,1
640711,1
640712,1
640713,1
640714,1
640715,1
640716,1
640717,1
640718,1
640719,1
640720,1
640721,1
640722,1
640723,1
640724,1
640725,1
640726,1
640727,1
640728,1
640729,1
640730,1
640731,1
640732,1
640733,1
640734,1
640735,1
640736,1
640737,1
640738,1
640739,1
640743,1
640744,1
640745,1
640746,1
640747,1
640748,1
640749,1
640750,1
640751,1
640752,1
640753,1
640754,1
640755,1
640756,1
640757,1
640758,1
640759,1
640760,1
640761,1
640764,1
640765,1
640766,1
640810,1
640811,1
640812,1
640813,1
640814,1
640815,1
640816,1
640817,1
640818,1
640819,1
640820,1
640821,1
640822,1
640823,1
640824,1
640825,1
640826,1
640827,1
640828,1
640829,1
640830,1
640831,1
640832,1
640833,1
640834,1
640835,1
640836,1
640837,1
640838,1
640839,1
640840,1
640841,1
640842,1
640843,1
640844,1
640845,1
640846,1
640847,1
640848,1
640849,1
640850,1
640851,1
640852,1
640853,1
640854,1
640855,1
640856,1
640857,1
640858,1
640859,1
640860,1
640861,1
640862,1
640863,1
640864,1
640865,1
640866,1
640902,1
640903,1
640904,1
640905,1
640906,1
640907,1
640908,1
640909,1
640910,1
640911,1
640912,1
640913,1
640914,1
640915,1
640916,1
640917,1
640918,1
640919,1
640920,1
640921,1
640922,1
640923,1
640924,1
640925,1
640926,1
640928,1
640929,1
640930,1
640931,1
640932,1
640933,1
640934,1
640935,1
640936,1
640937,1
640938,1
640939,1
640940,1
640941,1
640942,1
640943,1
640944,1
640945,1
640946,1
640947,1
640948,1
640949,1
640950,1
640952,1
640953,1
640961,1
640965,1
640966,1
640974,1
640975,1
640976,1
640977,1
640978,1
640979,1
640980,1
641180,1
641181,1
641183,1
641196,1
641197,1
641216,1
641217,1
641218,1
641268,1
641271,1
641272,1
641273,1
641274,1
641275,1
641276,1
641517,1
641560,1
641561,1
641648,1
641649,1
641650,1
641651,1
641652,1
641653,1
641654,1
641655,1
641656,1
641657,1
641658,1
641659,1
641660,1
641661,1
641662,1
641663,1
641664,1
641665,1
641666,1
641667,1
641668,1
641669,1
641670,1
641671,1
641672,1
641673,1
641674,1
641675,1
641676,1
641677,1
641678,1
641679,1
641680,1
641681,1
641682,1
641683,1
641684,1
641685,1
641686,1
641697,1
641698,1
641828,1
641830,1
641986,1
641987,1
641988,1
641989,1
641990,1
642180,1
642181,1
642183,1
642196,1
642197,1
642216,1
642217,1
642218,1
642268,1
642271,1
642272,1
642273,1
642274,1
642275,1
642276,1
642561,1
642648,1
642649,1
642650,1
642651,1
642652,1
642653,1
642654,1
642655,1
642656,1
642657,1
642658,1
642659,1
642660,1
642661,1
642662,1
642663,1
642664,1
642665,1
642666,1
642667,1
642668,1
642669,1
642671,1
642673,1
642674,1
642675,1
642676,1
642677,1
642678,1
642679,1
642680,1
642681,1
642682,1
642683,1
642684,1
642685,1
642686,1
642697,1
642698,1
642986,1
642987,1
642988,1
642989,1
642990,1
643180,1
643183,1
643197,1
643218,1
643268,1
643271,1
643272,1
643273,1
643274,1
643275,1
643276,1
643517,1
643648,1
643650,1
643652,1
643653,1
643654,1
643656,1
643658,1
643659,1
643660,1
643661,1
643662,1
643663,1
643664,1
643667,1
643668,1
643669,1
643671,1
643673,1
643677,1
643678,1
643679,1
643680,1
643681,1
643682,1
643683,1
643684,1
643685,1
643686,1
643697,1
643698,1
643986,1
643987,1
643988,1
643989,1
643990,1
644183,1
644197,1
644218,1
644271,1
644272,1
644273,1
644274,1
644275,1
644276,1
644517,1
644648,1
644656,1
644658,1
644659,1
644660,1
644661,1
644662,1
644663,1
644664,1
644667,1
644668,1
644669,1
644678,1
644987,1
644989,1
645517,1
650101,1
650102,1
650103,1
650104,1
650105,1
650106,1
650107,1
650108,1
650109,1
650110,1
650111,1
650112,1
650113,1
650114,1
650115,1
650116,1
650117,1
650118,1
650119,1
650120,1
650121,1
650122,1
650123,1
650124,1
650125,1
650126,1
650127,1
650128,1
650129,1
650130,1
650131,1
650132,1
650133,1
650134,1
650135,1
650136,1
650137,1
650138,1
650139,1
650140,1
650141,1
650142,1
650143,1
650144,1
650145,1
650146,1
650147,1
650148,1
650149,1
650150,1
650152,1
650154,1
650157,1
650160,1
650161,1
650162,1
650163,1
650164,1
650165,1
650166,1
650167,1
650168,1
650169,1
650170,1
650171,1
650172,1
650173,1
650174,1
650175,1
650176,1
650177,1
650178,1
650179,1
650180,1
650181,1
650182,1
650183,1
650184,1
650185,1
650186,1
650187,1
650188,1
650189,1
650190,1
650191,1
650192,1
650193,1
650201,1
650202,1
650203,1
650204,1
650205,1
650206,1
650207,1
650208,1
650209,1
650210,1
650211,1
650212,1
650213,1
650214,1
650215,1
650216,1
650217,1
650218,1
650219,1
650220,1
650221,1
650222,1
650223,1
650224,1
650225,1
650226,1
650227,1
650228,1
650229,1
650230,1
650231,1
650232,1
650233,1
650234,1
650235,1
650236,1
650237,1
650238,1
650239,1
650240,1
650241,1
650242,1
650243,1
650244,1
650245,1
650246,1
650247,1
650248,1
650249,1
650250,1
650251,1
650252,1
650253,1
650254,1
650255,1
650256,1
650257,1
650258,1
650259,1
650260,1
650261,1
650262,1
650263,1
650264,1
650265,1
650266,1
650267,1
650268,1
650269,1
650271,1
650272,1
650274,1
650275,1
650278,1
650280,1
650281,1
650283,1
650285,1
650286,1
650287,1
650288,1
650289,1
650290,1
650291,1
650297,1
650298,1
650299,1
650301,1
650302,1
650303,1
650304,1
650305,1
650306,1
650307,1
650308,1
650309,1
650310,1
650311,1
650312,1
650313,1
650314,1
650315,1
650316,1
650317,1
650318,1
650319,1
650320,1
650321,1
650322,1
650323,1
650324,1
650325,1
650326,1
650327,1
650328,1
650329,1
650330,1
650331,1
650332,1
650333,1
650334,1
650335,1
650336,1
650337,1
650338,1
650339,1
650340,1
650341,1
650342,1
650343,1
650344,1
650345,1
650346,1
650347,1
650348,1
650349,1
650350,1
650351,1
650352,1
650353,1
650354,1
650355,1
650356,1
650357,1
650358,1
650359,1
650360,1
650361,1
650362,1
650363,1
650364,1
650365,1
650366,1
650367,1
650368,1
650369,1
650370,1
650371,1
650372,1
650374,1
650375,1
650377,1
650383,1
650384,1
650385,1
650386,1
650387,1
650388,1
650389,1
650390,1
650391,1
650392,1
650393,1
650394,1
650395,1
650402,1
650403,1
650404,1
650405,1
650406,1
650407,1
650408,1
650409,1
650410,1
650411,1
650413,1
650414,1
650415,1
650416,1
650417,1
650419,1
650420,1
650421,1
650422,1
650423,1
650424,1
650425,1
650426,1
650501,1
650503,1
650504,1
650505,1
650506,1
650507,1
650508,1
650509,1
650510,1
650511,1
650512,1
650513,1
650514,1
650523,1
650524,1
650525,1
650526,1
650527,1
650528,1
650530,1
650531,1
650532,1
650533,1
650534,1
650535,1
650536,1
650537,1
650539,1
650540,1
650541,1
650542,1
650620,1
650621,1
650622,1
650623,1
650624,1
650625,1
650626,1
650627,1
650628,1
650639,1
650642,1
651194,1
651288,1
651289,1
651290,1
651291,1
651292,1
651293,1
651296,1
651436,1
651437,1
651438,1
651439,1
651440,1
651441,1
651442,1
651443,1
651445,1
651446,1
651448,1
651449,1
651450,1
651451,1
651452,1
651453,1
651460,1
651461,1
651463,1
651464,1
651468,1
652194,1
652288,1
652289,1
652290,1
652291,1
652292,1
652293,1
652296,1
652435,1
652438,1
652439,1
652440,1
652441,1
652442,1
652443,1
652445,1
652448,1
652449,1
652450,1
652451,1
652453,1
652460,1
652461,1
652463,1
652464,1
652467,1
652468,1
653288,1
653289,1
653290,1
653291,1
653292,1
653293,1
653296,1
653435,1
653438,1
653439,1
653440,1
653441,1
653442,1
653443,1
653448,1
653450,1
653460,1
653461,1
654288,1
654289,1
654290,1
654291,1
654293,1
654440,1
654443,1
654450,1
654460,1
654461,1
655288,1
655289,1
655290,1
656288,1
656289,1
656290,1
670101,1
670102,1
670103,1
670104,1
670105,1
670106,1
670107,1
670108,1
670109,1
670110,1
670111,1
670112,1
670113,1
670114,1
670115,1
670116,1
670117,1
670118,1
670119,1
670120,1
670121,1
670122,1
670123,1
670124,1
670125,1
670126,1
670127,1
670128,1
670129,1
670130,1
670131,1
670132,1
670133,1
670134,1
670135,1
670136,1
670137,1
670138,1
670139,1
670140,1
670141,1
670142,1
670143,1
670144,1
670145,1
670146,1
670147,1
670148,1
670149,1
670150,1
670151,1
670152,1
670153,1
670154,1
670155,1
670163,1
670164,1
670165,1
670166,1
670167,1
670168,1
670170,1
670171,1
670172,1
670173,1
670174,1
670175,1
670176,1
670177,1
670178,1
670179,1
670180,1
670181,1
670182,1
670183,1
670184,1
670185,1
670201,1
670202,1
670203,1
670204,1
670205,1
670206,1
670207,1
670208,1
670209,1
670210,1
670211,1
670212,1
670213,1
670214,1
670215,1
670216,1
670217,1
670218,1
670219,1
670220,1
670221,1
670222,1
670223,1
670224,1
670225,1
670226,1
670227,1
670228,1
670229,1
670230,1
670231,1
670232,1
670233,1
670234,1
670235,1
670236,1
670237,1
670238,1
670239,1
670240,1
670241,1
670242,1
670243,1
670244,1
670245,1
670246,1
670248,1
670249,1
670250,1
670251,1
670252,1
670253,1
670254,1
670255,1
670257,1
670270,1
670272,1
670273,1
670274,1
670275,1
670276,1
670277,1
670401,1
670402,1
670403,1
670404,1
670405,1
670406,1
670407,1
670408,1
670409,1
670410,1
670411,1
670412,1
670413,1
670414,1
670415,1
670416,1
670417,1
670418,1
670419,1
670420,1
670421,1
670422,1
670423,1
670424,1
670425,1
670426,1
670427,1
670428,1
670429,1
670430,1
670431,1
670432,1
670433,1
670434,1
670435,1
670436,1
670437,1
670438,1
670439,1
670440,1
670441,1
670442,1
670447,1
670448,1
670449,1
670450,1
670451,1
670452,1
670453,1
670454,1
670455,1
670456,1
670457,1
670458,1
670459,1
670460,1
670461,1
670465,1
670466,1
670467,1
670468,1
670469,1
670470,1
670471,1
670472,1
670473,1
670474,1
670475,1
670476,1
670477,1
670478,1
670479,1
670480,1
670481,1
670482,1
670483,1
670484,1
670485,1
670486,1
670487,1
670488,1
670501,1
670502,1
670503,1
670504,1
670505,1
670506,1
670507,1
670508,1
670509,1
670510,1
670511,1
670512,1
670513,1
670514,1
670515,1
670516,1
670517,1
670518,1
670519,1
670520,1
670521,1
670522,1
670523,1
670524,1
670525,1
670526,1
670527,1
670528,1
670529,1
670530,1
670531,1
670532,1
670533,1
670534,1
670535,1
670536,1
670537,1
670538,1
670539,1
670540,1
670541,1
670542,1
670543,1
670544,1
670545,1
670601,1
670602,1
670603,1
670604,1
670605,1
670606,1
670607,1
670608,1
670609,1
670610,1
670611,1
670612,1
670613,1
670614,1
670615,1
670616,1
670617,1
670618,1
670619,1
670620,1
670621,1
670622,1
670623,1
670624,1
670625,1
670626,1
670627,1
670629,1
670630,1
670631,1
670650,1
670651,1
670652,1
670653,1
670654,1
670655,1
670656,1
671133,1
671259,1
671443,1
671546,1
671547,1
671548,1
671549,1
671550,1
671633,1
671634,1
671635,1
671636,1
672442,1
672443,1
672546,1
672547,1
672548,1
672549,1
672550,1
672633,1
672634,1
672635,1
672636,1
673442,1
673443,1
673546,1
673547,1
673633,1
673636,1
674442,1
674443,1
674547,1
674633,1
680001,1
680002,1
680003,1
680004,1
680005,1
680006,1
680007,1
680008,1
680010,1
680011,1
680012,1
680013,1
680014,1
680015,1
680016,1
680017,1
680018,1
680019,1
680020,1
680025,1
680026,1
680101,1
680102,1
680103,1
680104,1
680105,1
680106,1
680107,1
680108,1
680109,1
680110,1
680111,1
680112,1
680113,1
680114,1
680115,1
680116,1
680117,1
680118,1
680119,1
680120,1
680121,1
680122,1
680123,1
680124,1
680130,1
680131,1
680132,1
680133,1
680134,1
680135,1
680136,1
680137,1
680141,1
680142,1
680144,1
680150,1
680151,1
680152,1
680154,1
680155,1
680156,1
680157,1
680158,1
680159,1
680160,1
680162,1
680163,1
680164,1
680201,1
680202,1
680203,1
680204,1
680205,1
680206,1
680207,1
680208,1
680209,1
680210,1
680211,1
680212,1
680213,1
680214,1
680215,1
680216,1
680217,1
680218,1
680219,1
680220,1
680221,1
680223,1
680224,1
680225,1
680226,1
680227,1
680228,1
680229,1
680230,1
680231,1
680232,1
680233,1
680234,1
680235,1
680236,1
680237,1
680238,1
680239,1
680248,1
680249,1
680250,1
680251,1
680252,1
680254,1
680271,1
680272,1
680273,1
680274,1
680275,1
680276,1
680277,1
680278,1
680279,1
680280,1
680281,1
680282,1
680283,1
680284,1
680285,1
680286,1
680287,1
680288,1
680289,1
680290,1
680291,1
680292,1
680293,1
680294,1
680295,1
680296,1
680297,1
680305,1
680306,1
680307,1
680308,1
680340,1
680341,1
680342,1
680343,1
680344,1
680345,1
680346,1
680350,1
680351,1
680352,1
680353,1
680354,1
680355,1
680401,1
680402,1
680403,1
680404,1
680405,1
680406,1
680407,1
680408,1
680409,1
680410,1
680411,1
680412,1
680413,1
680414,1
680415,1
680416,1
680417,1
680418,1
680419,1
680420,1
680421,1
680422,1
680423,1
680424,1
680425,1
680426,1
680427,1
680428,1
680429,1
680430,1
680431,1
680432,1
680433,1
680434,1
680435,1
680436,1
680437,1
680438,1
680439,1
680440,1
680441,1
680442,1
680443,1
680444,1
680445,1
680446,1
680447,1
680448,1
680449,1
680450,1
680451,1
680452,1
680453,1
680455,1
680456,1
680457,1
680458,1
680459,1
680460,1
680461,1
680462,1
680463,1
680464,1
680465,1
680469,1
680470,1
680471,1
680472,1
680473,1
680474,1
680483,1
680484,1
680485,1
680486,1
680501,1
680502,1
680503,1
680504,1
680505,1
680506,1
680507,1
680508,1
680509,1
680510,1
680511,1
680512,1
680513,1
680514,1
680515,1
680516,1
680517,1
680518,1
680523,1
680524,1
680525,1
680526,1
680527,1
680528,1
680529,1
680530,1
680531,1
680535,1
680540,1
680541,1
680542,1
680544,1
680545,1
680546,1
680547,1
680548,1
680549,1
680550,1
680551,1
680552,1
680553,1
680554,1
680555,1
680556,1
680557,1
680558,1
680559,1
680560,1
680561,1
680562,1
680563,1
680564,1
680565,1
680566,1
680567,1
680568,1
680569,1
680570,1
680571,1
680572,1
680573,1
680574,1
680601,1
680602,1
680603,1
680604,1
680605,1
680606,1
680607,1
680608,1
680609,1
680610,1
680611,1
680612,1
680613,1
680614,1
680615,1
680616,1
680617,1
680618,1
680619,1
680620,1
680621,1
680625,1
680626,1
680627,1
680631,1
680632,1
680633,1
680634,1
680635,1
680636,1
680637,1
680638,1
680639,1
680640,1
680641,1
680642,1
680643,1
680656,1
680657,1
680658,1
680659,1
680660,1
680661,1
680662,1
680663,1
680664,1
680665,1
680666,1
680667,1
680668,1
680669,1
680670,1
680671,1
680672,1
680673,1
680674,1
680675,1
680676,1
680677,1
680678,1
680679,1
680680,1
680681,1
680682,1
680701,1
680702,1
680703,1
680704,1
680705,1
680706,1
680707,1
680708,1
680751,1
680752,1
680753,1
680754,1
680755,1
680756,1
680757,1
680758,1
680759,1
680760,1
680761,1
680762,1
680763,1
680764,1
680765,1
680766,1
680767,1
680768,1
680769,1
680770,1
680771,1
680784,1
680785,1
680786,1
680788,1
680789,1
680790,1
680791,1
680792,1
681166,1
681296,1
681297,1
681476,1
681484,1
681485,1
681487,1
681488,1
681489,1
681490,1
681670,1
681671,1
681672,1
681673,1
681674,1
681676,1
681683,1
681684,1
681685,1
681686,1
681687,1
681688,1
681689,1
681690,1
681691,1
681692,1
681801,1
681802,1
681803,1
681804,1
681805,1
681807,1
681808,1
681809,1
681810,1
681811,1
681812,1
681815,1
681816,1
681817,1
681818,1
682166,1
682296,1
682297,1
682476,1
682484,1
682485,1
682487,1
682488,1
682489,1
682490,1
682672,1
682683,1
682684,1
682685,1
682686,1
682687,1
682688,1
682689,1
682690,1
682691,1
682692,1
682787,1
682801,1
682802,1
682803,1
682804,1
682805,1
682807,1
682808,1
682809,1
682810,1
682811,1
682812,1
682815,1
682816,1
682817,1
682818,1
683296,1
683297,1
683476,1
683484,1
683485,1
683487,1
683488,1
683489,1
683490,1
683683,1
683684,1
683685,1
683686,1
683687,1
683688,1
683690,1
683801,1
683802,1
683803,1
683805,1
683807,1
683808,1
683812,1
683815,1
683817,1
683818,1
684296,1
684297,1
684476,1
684484,1
684485,1
684488,1
684489,1
684490,1
684684,1
684686,1
684687,1
684690,1
684801,1
684803,1
684805,1
684808,1
685296,1
730001,1
730002,1
730005,1
730006,1
730007,1
730008,1
730009,1
730010,1
730011,1
730012,1
730013,1
730015,1
730016,1
730017,1
730018,1
730019,1
730022,1
730023,1
730024,1
730025,1
730026,1
730027,1
730028,1
730029,1
730030,1
730031,1
730032,1
730033,1
730034,1
730035,1
730036,1
730037,1
730101,1
730102,1
730103,1
730104,1
730105,1
730106,1
730107,1
730108,1
730109,1
730110,1
730111,1
730112,1
730113,1
730114,1
730115,1
730116,1
730117,1
730118,1
730119,1
730120,1
730122,1
730123,1
730124,1
730125,1
730126,1
730127,1
730128,1
730129,1
730130,1
730131,1
730132,1
730133,1
730134,1
730135,1
730136,1
730137,1
730138,1
730139,1
730140,1
730141,1
730142,1
730143,1
730145,1
730146,1
730148,1
730149,1
730150,1
730151,1
730152,1
730154,1
730155,1
730156,1
730157,1
730158,1
730159,1
730160,1
730161,1
730162,1
730163,1
730164,1
730165,1
730167,1
730168,1
730169,1
730170,1
730171,1
730172,1
730173,1
730174,1
730175,1
730176,1
730177,1
730178,1
730179,1
730201,1
730202,1
730203,1
730204,1
730205,1
730206,1
730212,1
730213,1
730214,1
730215,1
730216,1
730217,1
730218,1
730301,1
730302,1
730303,1
730304,1
730306,1
730307,1
730308,1
730309,1
730310,1
730311,1
730312,1
730313,1
730314,1
730315,1
730316,1
730317,1
730318,1
730319,1
730320,1
730321,1
730322,1
730323,1
730324,1
730325,1
730326,1
730327,1
730328,1
730329,1
730330,1
730331,1
730332,1
730333,1
730334,1
730335,1
730336,1
730337,1
730338,1
730339,1
730340,1
730341,1
730342,1
730343,1
730344,1
730345,1
730346,1
730347,1
730348,1
730349,1
730350,1
730351,1
730352,1
730353,1
730354,1
730355,1
730356,1
730357,1
730358,1
730359,1
730360,1
730361,1
730362,1
730363,1
730364,1
730365,1
730366,1
730367,1
730368,1
730369,1
730370,1
730371,1
730401,1
730402,1
730403,1
730404,1
730405,1
730406,1
730408,1
730409,1
730410,1
730411,1
730412,1
730413,1
730414,1
730415,1
730416,1
730417,1
730418,1
730419,1
730420,1
730421,1
730424,1
730425,1
730426,1
730427,1
730428,1
730429,1
730436,1
730437,1
730501,1
730502,1
730503,1
730504,1
730505,1
730506,1
730507,1
730508,1
730509,1
730510,1
730511,1
730512,1
730513,1
730514,1
730515,1
730516,1
730517,1
730518,1
730519,1
730520,1
730521,1
730522,1
730523,1
730524,1
730525,1
730526,1
730527,1
730528,1
730529,1
730530,1
730531,1
730532,1
730533,1
730534,1
730535,1
730536,1
730537,1
730538,1
730539,1
730540,1
730541,1
730542,1
730543,1
730544,1
730545,1
730546,1
730547,1
730549,1
730550,1
730551,1
730552,1
730553,1
730554,1
730555,1
730556,1
730557,1
730575,1
730576,1
730577,1
730578,1
730579,1
730580,1
730581,1
730582,1
730583,1
730584,1
730585,1
730586,1
730587,1
730588,1
730589,1
730601,1
730602,1
730603,1
730604,1
730605,1
730606,1
730607,1
730608,1
730609,1
730610,1
730611,1
730612,1
730613,1
730614,1
730615,1
730616,1
730617,1
730618,1
730619,1
730620,1
730621,1
730622,1
730623,1
730626,1
730627,1
730629,1
730630,1
730631,1
730632,1
730633,1
730634,1
730635,1
730636,1
730637,1
730638,1
730639,1
730640,1
730643,1
730644,1
730645,1
730646,1
730647,1
730648,1
730649,1
730650,1
730651,1
730652,1
730653,1
730654,1
730655,1
730656,1
730657,1
730658,1
730659,1
730660,1
730661,1
730662,1
730663,1
730664,1
730665,1
730666,1
730667,1
730668,1
730669,1
730670,1
730671,1
730672,1
730673,1
730677,1
730679,1
730680,1
730701,1
730702,1
730703,1
730704,1
730705,1
730706,1
730707,1
730708,1
730709,1
730710,1
730711,1
730712,1
730713,1
730714,1
730715,1
730716,1
730717,1
730718,1
730719,1
730720,1
730721,1
730722,1
730723,1
730724,1
730725,1
730726,1
730727,1
730728,1
730729,1
730730,1
730731,1
730732,1
730733,1
730734,1
730735,1
730736,1
730737,1
730738,1
730739,1
730740,1
730741,1
730742,1
730743,1
730744,1
730745,1
730746,1
730747,1
730748,1
730749,1
730750,1
730751,1
730752,1
730753,1
730755,1
730756,1
730757,1
730758,1
730759,1
730760,1
730761,1
730762,1
730763,1
730764,1
730765,1
730766,1
730767,1
730769,1
730770,1
730771,1
730772,1
730773,1
730774,1
730775,1
730776,1
730777,1
730778,1
730779,1
730788,1
730789,1
730790,1
730791,1
730792,1
730793,1
730794,1
730795,1
730796,1
730797,1
730798,1
730801,1
730802,1
730803,1
730804,1
730805,1
730807,1
730808,1
730809,1
730810,1
730816,1
730817,1
730818,1
730819,1
730820,1
730821,1
730822,1
730823,1
730824,1
730825,1
730826,1
730827,1
730828,1
730829,1
730830,1
730831,1
730832,1
730833,1
730834,1
730835,1
730836,1
730837,1
730838,1
730839,1
730840,1
730841,1
730842,1
730843,1
730844,1
730845,1
730846,1
730847,1
730848,1
730849,1
730850,1
730851,1
730853,1
730854,1
730855,1
730856,1
730857,1
730858,1
730859,1
730860,1
730861,1
730862,1
730863,1
730864,1
730865,1
730866,1
730867,1
730868,1
730869,1
730870,1
730871,1
730872,1
730873,1
730874,1
730875,1
730876,1
730877,1
730878,1
730879,1
730880,1
730881,1
730882,1
730891,1
730892,1
730893,1
730894,1
730895,1
730896,1
730897,1
730898,1
730899,1
731012,1
731180,1
731182,1
731183,1
731184,1
731302,1
731502,1
731570,1
731571,1
731572,1
731573,1
731574,1
731624,1
731625,1
731628,1
731678,1
731681,1
731682,1
731683,1
731684,1
731686,1
731687,1
731688,1
731689,1
731690,1
731691,1
731693,1
731694,1
731717,1
731754,1
731764,1
731780,1
731782,1
731783,1
731784,1
731886,1
731887,1
731889,1
731890,1
731891,1
731892,1
731893,1
731894,1
731895,1
731896,1
731897,1
731898,1
731899,1
732005,1
732012,1
732180,1
732182,1
732183,1
732185,1
732570,1
732571,1
732572,1
732573,1
732574,1
732624,1
732625,1
732628,1
732681,1
732682,1
732683,1
732684,1
732685,1
732686,1
732687,1
732688,1
732689,1
732690,1
732691,1
732693,1
732694,1
732717,1
732780,1
732782,1
732783,1
732784,1
732785,1
732786,1
732787,1
732788,1
732886,1
732887,1
732889,1
732890,1
732893,1
732894,1
732895,1
732896,1
732897,1
732899,1
733012,1
733183,1
733185,1
733570,1
733571,1
733573,1
733681,1
733682,1
733683,1
733684,1
733685,1
733686,1
733687,1
733688,1
733689,1
733690,1
733691,1
733693,1
733694,1
733780,1
733782,1
733783,1
733784,1
733785,1
733786,1
733787,1
733788,1
733886,1
733887,1
733889,1
733893,1
733894,1
734681,1
734682,1
734683,1
734684,1
734688,1
734689,1
734690,1
734691,1
734694,1
734780,1
734782,1
734783,1
734785,1
734786,1
734787,1
734788,1
734886,1
734889,1
735688,1
735689,1
735690,1
735780,1
735782,1
735786,1
735787,1
735788,1
736688,1
736689,1
736690,1
736780,1
736786,1
750300,1
750302,1
750303,1
750304,1
750305,1
750306,1
750307,1
750308,1
750309,1
750310,1
750311,1
750312,1
750313,1
750314,1
750315,1
750316,1
750317,1
750318,1
750319,1
750320,1
750321,1
750322,1
750323,1
750324,1
750325,1
750326,1
750327,1
750328,1
750329,1
750330,1
750331,1
750332,1
750333,1
750334,1
750335,1
750336,1
750337,1
750338,1
750341,1
750357,1
750359,1
750401,1
750402,1
750403,1
750404,1
750405,1
750406,1
750407,1
750408,1
750409,1
750410,1
750411,1
750412,1
750413,1
750414,1
750415,1
750416,1
750417,1
750418,1
750419,1
750420,1
750421,1
750422,1
750423,1
750424,1
750425,1
750467,1
750469,1
750470,1
750471,1
750472,1
750473,1
750474,1
750475,1
750476,1
750477,1
750478,1
750479,1
750480,1
750481,1
750482,1
750483,1
750484,1
750485,1
750486,1
750487,1
750488,1
750489,1
750490,1
750491,1
750492,1
750493,1
750513,1
751101,1
751102,1
751103,1
751104,1
751107,1
751108,1
751115,1
751116,1
751117,1
751118,1
751119,1
751120,1
751121,1
751126,1
751128,1
751129,1
751130,1
751131,1
751132,1
751339,1
751340,1
751341,1
751350,1
751351,1
751352,1
751353,1
751354,1
751355,1
751356,1
751357,1
751359,1
751360,1
751362,1
751363,1
751365,1
751366,1
751463,1
751466,1
751467,1
751468,1
751469,1
751501,1
751502,1
751503,1
751504,1
751506,1
751507,1
751508,1
751509,1
751510,1
751588,1
751589,1
751590,1
751591,1
751592,1
751593,1
752101,1
752102,1
752103,1
752104,1
752107,1
752108,1
752115,1
752117,1
752118,1
752119,1
752120,1
752121,1
752126,1
752128,1
752129,1
752130,1
752131,1
752132,1
752339,1
752340,1
752341,1
752350,1
752351,1
752352,1
752353,1
752354,1
752356,1
752357,1
752360,1
752362,1
752363,1
752365,1
752366,1
752463,1
752466,1
752467,1
752468,1
752469,1
752501,1
752503,1
752504,1
752507,1
752508,1
752509,1
752510,1
752588,1
752589,1
752590,1
752592,1
752593,1
753104,1
753107,1
753108,1
753115,1
753120,1
753121,1
753126,1
753128,1
753129,1
753131,1
753132,1
753350,1
753351,1
753352,1
753353,1
753354,1
753356,1
753357,1
753359,1
753360,1
753362,1
753365,1
753463,1
753466,1
753468,1
753501,1
753503,1
753504,1
753507,1
753508,1
753588,1
753589,1
753590,1
753592,1
754104,1
754115,1
754120,1
754121,1
754126,1
754351,1
754354,1
754466,1
754468,1
754501,1
754504,1
754507,1
754589,1
760101,1
760103,1
760106,1
760107,1
760108,1
760109,1
760110,1
760111,1
760112,1
760113,1
760114,1
760115,1
760116,1
760117,1
760118,1
760119,1
760120,1
760121,1
760122,1
760123,1
760124,1
760125,1
760126,1
760127,1
760128,1
760129,1
760130,1
760131,1
760132,1
760133,1
760134,1
760135,1
760136,1
760137,1
760138,1
760139,1
760140,1
760141,1
760142,1
760143,1
760144,1
760145,1
760146,1
760147,1
760148,1
760149,1
760150,1
760151,1
760152,1
760153,1
760154,1
760155,1
760156,1
760157,1
760158,1
760159,1
760160,1
760161,1
760165,1
760166,1
760167,1
760170,1
760171,1
760172,1
760173,1
760174,1
760175,1
760201,1
760202,1
760203,1
760204,1
760205,1
760206,1
760207,1
760208,1
760209,1
760210,1
760211,1
760212,1
760213,1
760214,1
760215,1
760216,1
760217,1
760218,1
760219,1
760220,1
760221,1
760222,1
760223,1
760224,1
760225,1
760226,1
760227,1
760228,1
760229,1
760230,1
760231,1
760232,1
760233,1
760234,1
760235,1
760236,1
760237,1
760238,1
760239,1
760240,1
760241,1
760242,1
760243,1
760244,1
760245,1
760246,1
760247,1
760248,1
760249,1
760250,1
760251,1
760252,1
760253,1
760254,1
760255,1
760256,1
760257,1
760258,1
760259,1
760260,1
760261,1
760262,1
760263,1
760264,1
760265,1
760266,1
760267,1
760268,1
760269,1
760270,1
760271,1
760272,1
760273,1
760274,1
760275,1
760276,1
760277,1
760278,1
760279,1
760280,1
760281,1
760282,1
760283,1
760284,1
760285,1
760286,1
760287,1
760288,1
760289,1
760291,1
760292,1
760293,1
760296,1
760297,1
760298,1
760299,1
760302,1
760303,1
760304,1
760305,1
760306,1
760308,1
760309,1
760310,1
760311,1
760312,1
760314,1
760320,1
760321,1
760322,1
760323,1
760324,1
760325,1
760326,1
760327,1
760328,1
760329,1
760330,1
760331,1
760332,1
760343,1
760344,1
760345,1
760346,1
760349,1
760350,1
760351,1
760352,1
760353,1
760354,1
760355,1
760356,1
760357,1
760358,1
760359,1
760360,1
760361,1
760362,1
760363,1
760364,1
760365,1
760366,1
760367,1
760386,1
760387,1
760388,1
760389,1
760390,1
760391,1
760392,1
760393,1
760394,1
760395,1
760396,1
760397,1
760398,1
760399,1
760401,1
760402,1
760403,1
760404,1
760405,1
760406,1
760407,1
760408,1
760409,1
760410,1
760411,1
760412,1
760413,1
760415,1
760416,1
760419,1
760423,1
760425,1
760427,1
760433,1
760435,1
760437,1
760438,1
760439,1
760440,1
760442,1
760443,1
760445,1
760446,1
760448,1
760449,1
760450,1
760451,1
760452,1
760453,1
760454,1
760455,1
760456,1
760457,1
760458,1
760459,1
760602,1
760603,1
760604,1
760605,1
760606,1
760607,1
760608,1
760609,1
760610,1
760611,1
760612,1
760613,1
760614,1
760615,1
760616,1
760617,1
760618,1
760619,1
760620,1
760621,1
760622,1
760624,1
760625,1
760626,1
760627,1
760628,1
760629,1
760630,1
760631,1
760632,1
760633,1
760634,1
760635,1
760636,1
760637,1
760638,1
760639,1
760640,1
760641,1
760642,1
760643,1
760644,1
760645,1
760646,1
760647,1
760650,1
760651,1
760652,1
760653,1
760654,1
760655,1
760656,1
760657,1
760658,1
760660,1
760661,1
760662,1
760663,1
760664,1
760665,1
760666,1
760701,1
760702,1
760703,1
760704,1
760705,1
760706,1
760707,1
760708,1
760709,1
760710,1
760711,1
760712,1
760713,1
760714,1
760715,1
760716,1
760717,1
760718,1
760719,1
760720,1
760721,1
760722,1
760723,1
760724,1
760725,1
760726,1
760727,1
760728,1
760729,1
760730,1
760731,1
760732,1
760733,1
760734,1
760735,1
760736,1
760737,1
760738,1
760739,1
760740,1
760741,1
760742,1
760743,1
760744,1
760745,1
760746,1
760747,1
760748,1
760749,1
760750,1
760751,1
760752,1
760753,1
760754,1
760755,1
760756,1
760757,1
760758,1
760759,1
760760,1
760761,1
760762,1
760763,1
760764,1
760765,1
760766,1
760767,1
760768,1
760769,1
760770,1
760771,1
760772,1
760773,1
760774,1
760775,1
760776,1
760777,1
760778,1
760779,1
760780,1
760781,1
760782,1
760783,1
760784,1
760785,1
760786,1
760787,1
760788,1
760789,1
760790,1
760791,1
760792,1
760793,1
760794,1
760795,1
760796,1
760797,1
760798,1
760799,1
760800,1
760801,1
760802,1
760803,1
760804,1
760805,1
760806,1
760807,1
760808,1
760809,1
760810,1
760811,1
760812,1
760816,1
760817,1
760819,1
760820,1
760821,1
760822,1
760823,1
760824,1
760825,1
760826,1
760827,1
760828,1
760829,1
760830,1
760832,1
760833,1
760834,1
760835,1
760836,1
760837,1
760838,1
760839,1
760840,1
760841,1
760844,1
760846,1
760848,1
760849,1
760850,1
760851,1
760852,1
760853,1
760854,1
760855,1
760858,1
760859,1
760860,1
760861,1
760862,1
760863,1
760864,1
760865,1
760866,1
760867,1
760868,1
760870,1
760871,1
760872,1
760873,1
760874,1
760875,1
760876,1
760877,1
760878,1
760879,1
760880,1
760926,1
760927,1
760928,1
760930,1
760931,1
760932,1
760935,1
761115,1
761315,1
761316,1
761317,1
761318,1
761333,1
761334,1
761335,1
761336,1
761342,1
761347,1
761348,1
761350,1
761355,1
761424,1
761426,1
761428,1
761429,1
761430,1
761431,1
761432,1
761462,1
761468,1
761469,1
761478,1
761479,1
761501,1
761502,1
761504,1
761505,1
761506,1
761507,1
761508,1
761509,1
761511,1
761512,1
761513,1
761633,1
761636,1
761637,1
761640,1
761663,1
761664,1
761666,1
761671,1
761672,1
761673,1
761674,1
761675,1
761676,1
761677,1
761795,1
761796,1
761813,1
762115,1
762315,1
762316,1
762317,1
762318,1
762333,1
762334,1
762335,1
762336,1
762342,1
762347,1
762348,1
762424,1
762426,1
762428,1
762429,1
762430,1
762431,1
762432,1
762462,1
762469,1
762478,1
762479,1
762501,1
762502,1
762504,1
762505,1
762506,1
762508,1
762509,1
762511,1
762512,1
762513,1
762671,1
762672,1
762673,1
762674,1
762675,1
762676,1
762677,1
762813,1
763115,1
763315,1
763316,1
763317,1
763318,1
763333,1
763334,1
763335,1
763336,1
763342,1
763348,1
763424,1
763426,1
763431,1
763432,1
763462,1
763478,1
763479,1
763502,1
763504,1
763505,1
763506,1
763509,1
763511,1
763512,1
763513,1
763672,1
763673,1
763675,1
763676,1
763677,1
764334,1
764348,1
764424,1
764426,1
764431,1
764432,1
764462,1
764502,1
764504,1
764505,1
764513,1
764675,1
791403,1
791404,1
791405,1
791406,1
791407,1
791408,1
791409,1
791410,1
791411,1
791412,1
791413,1
791414,1
791415,1
791416,1
791417,1
791418,1
791430,1
791432,1
791433,1
791434,1
791435,1
791436,1
791438,1
791439,1
791440,1
791441,1
791443,1
791445,1
791447,1
791448,1
791450,1
791451,1
791452,1
791453,1
791455,1
791456,1
791457,1
791458,1
791467,1
791468,1
791469,1
791470,1
791471,1
791472,1
791473,1
792403,1
792404,1
792405,1
792406,1
792407,1
792408,1
792409,1
792410,1
792411,1
792412,1
792413,1
792414,1
792415,1
792416,1
792418,1
792430,1
792432,1
792433,1
792434,1
792435,1
792436,1
792438,1
792439,1
792440,1
792441,1
792443,1
792445,1
792446,1
792447,1
792448,1
792450,1
792451,1
792452,1
792453,1
792455,1
792456,1
792457,1
792458,1
792467,1
792468,1
792469,1
792470,1
792471,1
792472,1
793403,1
793405,1
793406,1
793408,1
793410,1
793415,1
793416,1
793418,1
793430,1
793435,1
793436,1
793439,1
793440,1
793441,1
793443,1
793446,1
793450,1
793453,1
793458,1
793468,1
793469,1
793470,1
793471,1
793472,1
794403,1
794430,1
794436,1
794441,1
794453,1
820111,1
820112,1
820114,1
820115,1
820116,1
820117,1
820118,1
820130,1
820132,1
820133,1
820134,1
820135,1
820138,1
820178,1
820181,1
820182,1
820183,1
820184,1
820185,1
820186,1
820187,1
820188,1
820190,1
820191,1
820192,1
820193,1
820293,1
820294,1
820295,1
820296,1
820297,1
820298,1
820299,1
820643,1
820645,1
820646,1
820647,1
820648,1
820649,1
820651,1
820652,1
821101,1
821102,1
821103,1
821104,1
821105,1
821106,1
821107,1
821109,1
821110,1
821120,1
821122,1
821126,1
821128,1
821160,1
821161,1
821162,1
821163,1
821165,1
821166,1
821167,1
821168,1
821169,1
821170,1
821171,1
821172,1
821173,1
821174,1
821175,1
821176,1
821195,1
821196,1
821197,1
821199,1
821201,1
821202,1
821203,1
821204,1
821205,1
821207,1
821208,1
821209,1
821210,1
821211,1
821212,1
821213,1
821217,1
821220,1
821221,1
821222,1
821224,1
821226,1
821227,1
821231,1
821232,1
821233,1
821234,1
821256,1
821258,1
821259,1
821260,1
821261,1
821264,1
821265,1
821266,1
821267,1
821268,1
821269,1
821270,1
821271,1
821272,1
821273,1
821274,1
821288,1
821289,1
821301,1
821302,1
821303,1
821305,1
821306,1
821308,1
821310,1
821312,1
821313,1
821314,1
821315,1
821316,1
821322,1
821323,1
821325,1
821327,1
821405,1
821406,1
821408,1
821409,1
821421,1
821422,1
821601,1
821602,1
821603,1
821604,1
821612,1
821613,1
821614,1
821615,1
821617,1
821618,1
821619,1
821622,1
821623,1
821624,1
821632,1
821633,1
821635,1
821636,1
821637,1
821638,1
821641,1
821642,1
821658,1
821659,1
821661,1
821662,1
821663,1
821664,1
821665,1
821666,1
821667,1
821668,1
821669,1
821670,1
821671,1
821672,1
821673,1
821676,1
821677,1
821678,1
821679,1
821682,1
821683,1
821684,1
822101,1
822102,1
822103,1
822104,1
822105,1
822106,1
822107,1
822109,1
822110,1
822120,1
822121,1
822122,1
822126,1
822128,1
822160,1
822161,1
822162,1
822163,1
822165,1
822166,1
822167,1
822168,1
822169,1
822170,1
822171,1
822172,1
822173,1
822174,1
822175,1
822176,1
822195,1
822196,1
822197,1
822199,1
822201,1
822202,1
822203,1
822204,1
822207,1
822208,1
822209,1
822210,1
822211,1
822212,1
822213,1
822217,1
822220,1
822221,1
822224,1
822226,1
822227,1
822231,1
822232,1
822233,1
822234,1
822256,1
822258,1
822259,1
822260,1
822261,1
822265,1
822266,1
822267,1
822268,1
822269,1
822270,1
822271,1
822272,1
822273,1
822274,1
822288,1
822289,1
822301,1
822302,1
822303,1
822305,1
822306,1
822310,1
822312,1
822313,1
822314,1
822315,1
822316,1
822322,1
822323,1
822325,1
822327,1
822405,1
822406,1
822408,1
822409,1
822601,1
822602,1
822603,1
822604,1
822612,1
822613,1
822614,1
822615,1
822617,1
822618,1
822619,1
822622,1
822623,1
822624,1
822632,1
822633,1
822635,1
822636,1
822637,1
822638,1
822641,1
822642,1
822658,1
822659,1
822661,1
822662,1
822663,1
822664,1
822665,1
822666,1
822667,1
822668,1
822669,1
822670,1
822671,1
822672,1
822673,1
822676,1
822677,1
822678,1
822679,1
822682,1
822683,1
822684,1
823101,1
823102,1
823103,1
823105,1
823106,1
823107,1
823109,1
823110,1
823126,1
823128,1
823167,1
823168,1
823169,1
823170,1
823171,1
823172,1
823173,1
823174,1
823175,1
823176,1
823195,1
823196,1
823199,1
823201,1
823204,1
823207,1
823208,1
823209,1
823210,1
823211,1
823213,1
823217,1
823220,1
823224,1
823226,1
823232,1
823233,1
823256,1
823258,1
823259,1
823260,1
823261,1
823265,1
823266,1
823267,1
823268,1
823269,1
823270,1
823271,1
823272,1
823273,1
823274,1
823288,1
823289,1
823301,1
823302,1
823303,1
823306,1
823308,1
823310,1
823312,1
823313,1
823316,1
823322,1
823323,1
823326,1
823327,1
823406,1
823408,1
823409,1
823601,1
823602,1
823603,1
823604,1
823612,1
823613,1
823615,1
823617,1
823618,1
823619,1
823622,1
823623,1
823624,1
823632,1
823635,1
823637,1
823638,1
823641,1
823642,1
823658,1
823659,1
823661,1
823662,1
823663,1
823665,1
823670,1
823672,1
823673,1
823676,1
823677,1
823678,1
823679,1
823682,1
823683,1
823684,1
824101,1
824102,1
824105,1
824106,1
824107,1
824109,1
824110,1
824126,1
824128,1
824167,1
824168,1
824173,1
824174,1
824175,1
824176,1
824195,1
824196,1
824199,1
824201,1
824204,1
824207,1
824211,1
824217,1
824256,1
824265,1
824266,1
824268,1
824271,1
824272,1
824273,1
824274,1
824289,1
824301,1
824302,1
824303,1
824305,1
824306,1
824316,1
824322,1
824323,1
824409,1
824601,1
824612,1
824613,1
824617,1
824618,1
824619,1
824637,1
824642,1
824662,1
824672,1
824676,1
824677,1
824684,1
825195,1
